"Name","Team","G","PA","AB","H","2B","3B","HR","R","RBI","BB","SO","HBP","SB","CS","AVG","OBP","SLG","OPS","wOBA","Fld","BsR","WAR","playerid"
"Mike Trout","Angels","163","686","538","159","30","3","45","123","115","128","138","12","14","5",".296",".439",".610","1.048",".426","-1.8","3.3","8.9","10155"
"Mookie Betts","Red Sox","160","672","572","169","40","4","31","116","93","85","97","5","18","5",".296",".389",".542",".931",".386","12.2","4.7","6.5","13611"
"Alex Bregman","Astros","157","658","547","157","38","2","32","109","99","94","84","9","6","3",".287",".396",".540",".936",".391","-1.5","0.1","6.4","17678"
"Francisco Lindor","Indians","158","665","594","171","38","2","34","106","94","57","96","5","20","7",".288",".353",".530",".883",".364","8.0","0.5","5.8","12916"
"Christian Yelich","Brewers","158","665","565","172","34","3","36","109","99","85","136","7","22","7",".304",".399",".567",".966",".397","0.6","3.4","5.6","11477"
"Anthony Rendon","","158","665","571","164","39","3","28","93","96","78","95","9","4","2",".288",".379",".516",".895",".373","4.4","0.9","5.6","12861"
"Cody Bellinger","Dodgers","157","658","559","160","31","3","43","102","116","89","120","4","13","5",".286",".385",".582",".967",".391","2.5","1.2","5.6","15998"
"Matt Chapman","Athletics","160","672","585","150","36","3","35","96","99","70","158","9","3","1",".256",".342",".508",".851",".355","7.8","1.4","5.6","16505"
"Carlos Correa","Astros","153","644","561","153","32","2","34","95","107","73","139","5","3","1",".273",".359",".517",".876",".365","-1.1","0.9","5.4","14162"
"Aaron Judge","Yankees","157","658","544","138","23","1","40","105","100","100","203","6","6","3",".253",".372",".523",".895",".372","8.2","0.5","5.2","15640"
"Jose Ramirez","Indians","157","658","573","159","40","3","31","97","102","73","86","5","24","8",".277",".361",".521",".883",".365","2.7","4.0","5.2","13510"
"Juan Soto","Nationals","160","672","554","161","32","4","35","101","104","106","127","4","9","4",".291",".406",".554",".960",".398","-2.0","0.1","5.1","20123"
"Nolan Arenado","Rockies","162","679","599","177","37","3","41","104","117","69","110","5","4","2",".296",".370",".571",".941",".384","5.6","0.5","5.0","9777"
"Giancarlo Stanton","Yankees","153","644","559","150","25","1","51","107","121","71","189","7","3","1",".267",".355",".589",".944",".385","1.3","-0.4","4.9","4949"
"George Springer","Astros","153","644","552","151","27","2","33","106","86","74","128","8","7","3",".273",".364",".509",".873",".366","-0.9","0.7","4.8","12856"
"Xander Bogaerts","Red Sox","158","665","584","170","40","1","26","95","97","68","117","5","6","2",".291",".367",".498",".865",".363","-2.6","1.6","4.8","12161"
"Yasmani Grandal","","143","600","501","122","24","2","27","76","80","88","141","4","4","2",".244",".358",".460",".818",".347","0.1","-3.5","4.7","11368"
"Kris Bryant","Cubs","157","658","555","152","34","2","31","100","89","80","147","15","4","2",".273",".376",".507",".883",".371","-2.3","2.9","4.7","15429"
"Rafael Devers","Red Sox","153","644","584","175","42","3","32","93","105","49","114","4","9","5",".299",".354",".545",".899",".369","-1.0","1.4","4.7","17350"
"Manny Machado","Padres","162","679","603","164","29","3","38","96","100","65","122","4","7","3",".271",".343",".517",".860",".355","5.0","-0.6","4.6","11493"
"Josh Donaldson","","153","644","535","137","28","1","35","98","87","95","154","6","4","2",".257",".371",".505",".877",".368","0.8","-0.4","4.5","5038"
"Ketel Marte","Diamondbacks","160","672","600","178","35","8","24","86","89","58","92","5","9","3",".296",".360",".500",".859",".359","2.0","1.0","4.4","13613"
"Bryce Harper","Phillies","158","665","546","141","29","1","41","103","104","107","166","5","11","4",".259",".383",".539",".922",".379","0.0","0.3","4.3","11579"
"Freddie Freeman","Braves","160","672","576","169","37","2","34","100","104","82","128","7","6","3",".293",".385",".541",".925",".381","3.6","0.5","4.3","5361"
"Ronald Acuna Jr.","Braves","158","665","580","163","28","3","36","105","90","68","162","7","29","11",".282",".362",".526",".888",".369","1.6","2.9","4.2","18401"
"Corey Seager","Dodgers","152","637","565","157","38","1","24","92","78","58","115","6","2","1",".278",".349",".477",".826",".346","-0.1","1.8","4.2","13624"
"J.T. Realmuto","Phillies","128","539","487","131","28","2","23","70","74","38","112","7","6","2",".269",".328",".476",".804",".336","5.2","1.7","4.2","11739"
"Jose Altuve","Astros","157","658","588","174","33","4","24","96","93","56","97","7","12","4",".295",".360",".486",".846",".356","-4.4","-0.6","4.1","5417"
"Anthony Rizzo","Cubs","160","672","566","160","33","3","32","100","100","79","95","21","6","3",".283",".388",".521",".909",".380","4.0","-2.3","4.1","3473"
"Ozzie Albies","Braves","158","665","601","172","38","6","24","93","82","49","102","5","14","5",".287",".344",".489",".833",".347","4.5","2.7","4.1","16556"
"Marcus Semien","Athletics","160","672","589","158","33","4","25","95","82","69","110","3","12","5",".269",".347",".464",".811",".342","-5.1","1.3","4.0","12533"
"Trea Turner","Nationals","160","672","601","174","36","4","21","98","74","56","125","5","38","10",".290",".353",".470",".824",".347","-2.6","4.9","4.0","16252"
"Trevor Story","Rockies","158","665","594","166","37","4","37","95","109","58","176","6","20","8",".279",".346",".540",".886",".366","0.1","1.8","3.9","12564"
"J.D. Martinez","Red Sox","157","658","578","174","35","2","40","104","119","70","150","4","3","1",".301",".377",".575",".952",".390","-0.2","-3.1","3.8","6184"
"Vladimir Guerrero Jr.","Blue Jays","155","651","577","170","35","2","26","88","89","60","103","5","4","2",".294",".363",".499",".862",".362","-2.9","-1.6","3.8","19611"
"Yoan Moncada","White Sox","155","651","575","153","30","4","27","89","79","62","178","5","12","5",".266",".340",".474",".814",".341","0.2","2.1","3.8","17232"
"Gleyber Torres","Yankees","157","658","586","159","27","1","36","93","102","57","136","5","7","3",".271",".339",".508",".847",".351","-8.9","-0.2","3.7","16997"
"Justin Turner","Dodgers","145","609","530","149","31","1","25","86","83","58","96","15","3","1",".280",".364",".486",".851",".359","-3.3","-0.7","3.7","5235"
"Matt Olson","Athletics","157","658","571","145","30","1","39","93","103","70","162","10","1","1",".254",".343",".513",".856",".354","5.9","-0.7","3.7","14344"
"Yordan Alvarez","Astros","147","616","529","146","29","1","39","97","104","74","150","4","4","1",".275",".365",".554",".919",".376","0.0","-0.1","3.6","19556"
"Max Kepler","Twins","152","637","557","144","34","1","30","88","93","66","109","7","5","3",".259",".343",".489",".832",".349","6.2","1.1","3.6","12144"
"Tommy Pham","Rays","150","630","539","145","26","3","24","88","78","76","138","7","18","6",".269",".365",".460",".825",".350","1.9","1.4","3.6","2967"
"Paul DeJong","Cardinals","158","665","594","150","32","1","30","81","92","53","156","11","7","3",".252",".322",".463",".785",".329","2.7","0.8","3.5","18015"
"Paul Goldschmidt","Cardinals","162","679","581","158","30","2","32","93","95","86","162","6","5","2",".272",".369",".493",".862",".361","1.9","1.3","3.5","9218"
"Andrelton Simmons","Angels","155","651","597","165","32","2","13","72","73","42","61","5","11","4",".277",".328",".403",".730",".312","10.2","-0.3","3.5","10847"
"Fernando Tatis Jr.","Padres","155","651","582","154","24","7","30","81","87","53","175","7","21","9",".264",".331",".482",".813",".340","-2.8","1.2","3.5","19709"
"Michael Conforto","Mets","155","651","549","138","29","1","33","91","90","85","155","9","6","3",".251",".358",".488",".846",".354","-1.7","1.1","3.4","16376"
"Byron Buxton","Twins","143","602","546","143","35","4","22","81","80","42","153","5","26","7",".261",".318",".460",".777",".325","6.3","4.3","3.4","14161"
"Jeff McNeil","Mets","157","658","593","170","36","3","20","86","78","42","88","14","8","4",".288",".347",".461",".808",".341","-0.5","0.9","3.4","15362"
"Javier Baez","Cubs","158","665","618","168","35","4","34","87","102","34","177","4","15","6",".272",".312",".506",".818",".336","-1.7","2.0","3.3","12979"
"Joey Gallo","Rangers","145","609","507","116","22","2","42","89","98","89","214","6","8","3",".230",".349",".531",".879",".362","0.0","2.2","3.3","14128"
"Buster Posey","Giants","121","508","451","124","26","1","11","55","55","47","74","6","2","1",".274",".347",".409",".756",".324","5.6","-2.4","3.3","9166"
"Peter Alonso","Mets","158","665","574","144","27","2","43","93","105","68","168","14","2","1",".251",".342",".531",".873",".359","1.3","-0.5","3.3","19251"
"Bo Bichette","Blue Jays","150","630","574","157","40","3","21","80","80","43","128","4","22","9",".274",".327",".462",".789",".331","-0.7","0.5","3.3","19612"
"Ramon Laureano","Athletics","145","609","546","144","32","1","24","80","78","45","152","9","15","5",".263",".327",".456",".783",".330","0.7","2.4","3.3","17128"
"Marcell Ozuna","","153","644","576","159","27","2","33","85","101","59","134","3","7","3",".276",".344",".502",".846",".353","1.9","0.2","3.2","10324"
"Kyle Schwarber","Cubs","142","595","507","128","23","2","37","86","94","76","158","5","4","2",".253",".353",".526",".879",".361","1.4","0.3","3.2","16478"
"DJ LeMahieu","Yankees","158","665","599","170","30","2","19","91","74","52","97","5","6","3",".285",".344",".434",".778",".332","3.2","-0.6","3.1","9874"
"Joc Pederson","Dodgers","118","497","429","110","22","2","31","74","78","52","105","8","3","1",".255",".345",".536",".881",".364","2.1","0.7","3.1","11899"
"Rhys Hoskins","Phillies","157","658","543","131","27","3","36","98","92","99","153","9","4","2",".242",".365",".498",".863",".361","2.2","0.3","3.0","16472"
"Eugenio Suarez","Reds","160","672","580","146","25","2","37","88","100","75","175","9","3","2",".252",".345",".491",".836",".349","-2.4","-1.9","3.0","12552"
"Eloy Jimenez","White Sox","157","658","602","168","29","3","37","89","101","41","149","5","2","1",".279",".328",".518",".846",".350","-1.4","0.9","3.0","17484"
"Miguel Sano","Twins","142","595","517","127","24","2","38","86","99","69","208","4","1","1",".246",".336",".518",".854",".354","-5.7","-1.5","3.0","12164"
"Max Muncy","Dodgers","143","602","503","121","22","1","30","82","81","85","158","7","4","2",".240",".354",".466",".820",".347","-1.7","1.2","2.9","13301"
"Nelson Cruz","Twins","150","630","552","155","27","1","39","95","112","63","155","10","1","1",".281",".363",".545",".908",".374","0.0","-3.4","2.9","2434"
"Jorge Polanco","Twins","160","672","604","169","36","5","19","88","85","56","111","5","8","4",".280",".343",".452",".795",".336","-9.1","1.1","2.9","13152"
"Willy Adames","Rays","158","665","592","151","27","3","20","76","78","60","161","4","8","3",".256",".326",".414",".739",".315","-1.1","1.2","2.9","15986"
"Brian Anderson","Marlins","157","658","578","150","33","2","21","76","74","60","139","13","5","2",".259",".338",".431",".770",".328","0.2","0.1","2.8","18289"
"Mike Moustakas","","150","630","566","147","29","1","35","85","95","51","109","6","3","1",".260",".325",".499",".824",".340","-1.6","-2.2","2.7","4892"
"Starling Marte","Pirates","150","630","577","165","31","5","21","84","77","34","113","12","26","9",".286",".336",".467",".803",".338","-3.3","1.6","2.7","9241"
"Carlos Santana","Indians","157","658","547","142","30","1","29","95","90","99","103","5","3","1",".259",".375",".481",".856",".359","0.0","-0.4","2.7","2396"
"Shohei Ohtani","Angels","133","560","496","139","26","4","29","80","88","53","144","4","13","5",".280",".352",".522",".874",".363","0.0","0.6","2.7","19755"
"Lorenzo Cain","Brewers","153","644","571","158","30","1","15","83","65","58","111","7","19","6",".277",".348",".414",".762",".328","3.5","1.4","2.7","9077"
"Brandon Lowe","Rays","145","609","540","133","28","3","25","74","80","54","168","7","7","3",".247",".320",".446",".766",".323","1.0","1.5","2.7","18882"
"Michael Brantley","Astros","145","609","548","158","33","2","20","86","82","48","71","5","5","2",".288",".349",".465",".814",".343","-1.4","0.1","2.6","4106"
"Christian Vazquez","Red Sox","106","445","407","107","22","1","13","53","55","27","83","3","5","2",".262",".311",".416",".727",".307","2.7","-1.4","2.6","9774"
"Luis Arraez","Twins","137","574","517","161","30","2","6","70","61","46","49","3","6","3",".312",".369",".415",".784",".337","-3.3","0.9","2.6","18568"
"Kolten Wong","Cardinals","147","616","538","143","30","4","13","67","65","55","96","14","17","6",".266",".347",".408",".755",".322","1.8","2.2","2.6","12532"
"Andrew Benintendi","Red Sox","157","658","575","157","39","4","19","95","79","68","129","6","13","5",".272",".353",".451",".804",".341","1.3","1.3","2.6","17901"
"Gary Sanchez","Yankees","112","470","413","100","17","1","31","68","78","45","121","7","2","1",".242",".324",".515",".838",".346","-2.9","-0.4","2.6","11442"
"Mark Canha","Athletics","147","616","531","133","28","3","26","81","81","62","143","14","4","2",".250",".342",".459",".801",".339","-0.8","-0.2","2.5","11445"
"Austin Meadows","Rays","140","588","526","143","28","5","26","81","81","48","119","6","14","5",".271",".337",".491",".828",".343","-2.9","0.6","2.5","15672"
"Roberto Perez","Indians","98","410","359","79","15","1","16","48","49","41","120","3","1","1",".219",".303",".398",".702",".300","4.3","-1.0","2.5","2900"
"Didi Gregorius","","145","609","561","148","28","4","23","71","83","36","85","5","6","3",".264",".313",".450",".762",".319","0.1","1.6","2.5","6012"
"Carter Kieboom","Nationals","148","623","550","143","28","2","18","69","70","59","143","6","5","2",".261",".336",".417",".753",".322","7.4","0.4","2.5","19958"
"Keston Hiura","Brewers","155","651","588","159","34","3","31","83","92","44","172","10","14","6",".270",".330",".495",".825",".343","-6.1","0.2","2.5","20003"
"Adalberto Mondesi","Royals","148","623","579","146","28","9","19","77","73","31","168","3","48","13",".253",".293",".429",".721",".302","4.2","4.9","2.5","13769"
"Amed Rosario","Mets","157","658","608","167","31","6","16","76","72","35","118","5","21","9",".275",".317",".423",".740",".312","-1.2","1.8","2.5","15518"
"Eddie Rosario","Twins","152","637","595","169","34","2","30","88","97","32","105","2","5","2",".283",".320",".498",".818",".338","-1.2","2.2","2.4","12155"
"Kyle Seager","Mariners","145","609","545","132","29","1","26","71","81","51","124","6","3","2",".242",".312",".444",".756",".318","1.3","-0.8","2.4","9785"
"Jorge Soler","Royals","157","658","568","146","30","1","35","90","95","74","176","9","4","2",".257",".349",".502",".850",".355","-0.2","-0.5","2.4","14221"
"Tyler Flowers","Braves","90","378","328","76","14","2","12","40","43","36","111","9","1","0",".232",".322",".391",".713",".306","-3.2","-1.0","2.4","9134"
"Yandy Diaz","Rays","152","637","552","151","28","2","14","74","70","74","122","4","5","2",".274",".361",".409",".770",".332","-0.7","-0.2","2.4","16578"
"Kevin Kiermaier","Rays","145","609","549","131","25","7","18","74","67","44","141","7","20","7",".239",".302",".409",".711",".300","6.3","3.0","2.3","11038"
"Cavan Biggio","Blue Jays","143","602","506","118","24","3","20","75","68","84","156","4","13","5",".234",".345",".412",".757",".326","0.1","1.2","2.3","19252"
"Mitch Haniger","Mariners","153","644","562","140","30","2","25","81","79","64","159","10","7","3",".249",".335",".446",".781",".331","-0.8","-0.5","2.3","14274"
"Luis Robert","White Sox","132","553","510","139","25","5","24","72","77","27","140","8","22","9",".272",".317",".485",".802",".334","0.0","0.8","2.3","sa3003396"
"Jean Segura","Phillies","158","665","611","176","34","3","16","88","67","38","83","7","13","5",".287",".334",".433",".767",".325","-5.8","1.6","2.2","5933"
"Jurickson Profar","Athletics","128","539","473","118","27","2","18","68","66","51","78","8","7","3",".250",".331",".430",".761",".323","-1.5","0.6","2.2","10815"
"Alex Verdugo","Dodgers","127","532","480","136","27","2","17","65","67","41","73","4","6","3",".284",".342",".452",".794",".336","3.4","0.4","2.2","17027"
"Bryan Reynolds","Pirates","155","651","584","168","34","4","18","74","77","53","138","6","7","3",".287",".350",".452",".802",".340","-1.3","0.4","2.2","19326"
"Danny Jansen","Blue Jays","70","294","260","65","14","1","10","35","36","26","53","5","2","1",".248",".325",".429",".754",".320","0.6","0.2","2.1","16535"
"Eduardo Escobar","Diamondbacks","158","665","602","155","33","7","26","80","88","50","132","5","4","2",".257",".317",".461",".778",".324","-0.6","0.7","2.1","6153"
"Adam Eaton","Nationals","150","630","546","154","28","5","15","84","60","63","109","11","13","4",".282",".366",".433",".798",".343","-1.3","2.2","2.1","11205"
"Yasiel Puig","","148","623","556","148","28","2","28","77","88","54","128","5","16","7",".267",".335",".477",".812",".340","-0.1","-1.0","2.1","14225"
"Jackie Bradley Jr.","Red Sox","152","637","556","133","32","3","21","81","78","61","167","11","12","4",".240",".325",".425",".750",".318","0.9","2.0","2.1","12984"
"Brandon Nimmo","Mets","145","609","499","115","25","3","17","77","61","89","163","12","8","4",".231",".359",".399",".758",".330","-7.0","1.2","2.1","12927"
"Carson Kelly","Diamondbacks","102","429","370","92","19","1","15","49","51","48","83","4","1","1",".248",".339",".427",".766",".322","0.9","-0.3","2.1","13620"
"J.P. Crawford","Mariners","150","630","545","127","26","4","14","67","62","70","133","6","8","4",".233",".324",".371",".695",".302","-0.6","0.6","2.1","15491"
"Josh Bell","Pirates","158","665","569","156","33","3","30","88","96","85","126","4","3","2",".274",".369",".502",".870",".361","-7.4","-2.2","2.1","13145"
"Trey Mancini","Orioles","158","665","595","162","31","2","30","87","90","55","150","7","2","1",".272",".338",".485",".823",".344","-2.4","-0.4","2.1","15149"
"Andrew McCutchen","Phillies","135","567","483","125","24","2","26","80","75","72","126","6","7","3",".258",".358",".475",".833",".352","-2.3","-0.9","2.1","9847"
"Victor Robles","Nationals","157","658","590","154","33","3","18","79","72","42","138","16","30","12",".261",".326",".422",".747",".317","3.6","1.5","2.0","18363"
"Mike Zunino","Rays","102","429","383","78","16","1","18","47","52","34","147","6","1","1",".203",".276",".394",".669",".284","2.4","-0.5","2.0","13265"
"Brandon Belt","Giants","133","560","474","120","29","3","18","68","65","75","123","4","4","2",".253",".357",".439",".797",".339","3.9","-0.1","2.0","10264"
"Yadier Molina","Cardinals","107","448","413","108","22","1","13","49","53","25","68","5","4","2",".263",".310",".410",".720",".306","4.3","-3.0","2.0","7007"
"Tim Anderson","White Sox","157","658","618","170","34","1","22","79","78","26","147","5","18","6",".275",".308",".440",".748",".314","-8.1","1.2","2.0","15172"
"Jason Heyward","Cubs","152","637","558","146","27","4","17","76","72","65","106","5","7","3",".261",".341",".418",".759",".324","4.6","1.6","2.0","4940"
"Mitch Garver","Twins","98","410","360","91","20","2","18","54","56","40","99","4","1","1",".254",".333",".463",".796",".335","-3.1","-0.3","2.0","15161"
"David Fletcher","Angels","138","581","529","148","29","3","7","67","55","40","62","4","8","3",".280",".333",".385",".718",".309","2.1","0.4","2.0","17992"
"Nick Solak","Rangers","147","616","546","146","25","2","23","77","77","54","134","8","8","3",".268",".339",".446",".785",".333","-2.1","0.2","1.9","19294"
"David Peralta","Diamondbacks","138","581","522","146","31","3","21","76","70","46","116","6","3","1",".279",".342",".471",".812",".341","0.1","0.2","1.9","2136"
"Joey Votto","Reds","155","651","543","146","29","1","22","84","79","94","121","7","3","1",".269",".381",".450",".831",".355","0.0","-4.0","1.9","4314"
"Jose Abreu","White Sox","158","665","605","166","35","2","32","87","100","42","141","12","3","1",".275",".332",".496",".828",".343","-3.2","-2.3","1.9","15676"
"Trent Grisham","Brewers","135","567","491","123","22","4","22","69","70","64","121","5","10","4",".251",".340",".447",".788",".334","3.6","0.6","1.9","18564"
"Will Smith","Dodgers","99","416","367","82","16","1","20","50","55","37","105","6","3","1",".224",".303",".439",".742",".312","0.8","0.0","1.9","19197"
"Jonathan Villar","Orioles","162","679","605","158","28","3","21","86","73","60","172","5","33","10",".261",".330",".422",".752",".321","-9.8","3.2","1.9","10071"
"Travis d'Arnaud","","99","415","375","96","19","1","16","47","54","31","84","3","2","1",".256",".316",".444",".760",".320","-0.6","-0.5","1.9","7739"
"Robinson Cano","Mets","133","560","510","138","31","1","19","68","72","39","90","6","1","0",".270",".327",".447",".774",".325","-1.8","-2.1","1.9","3269"
"Manny Pina","Brewers","95","397","358","88","18","1","12","40","45","28","92","6","2","1",".245",".307",".400",".707",".300","2.3","-1.1","1.8","2829"
"Yuli Gurriel","Astros","153","644","596","172","39","2","25","85","97","34","78","6","5","2",".288",".331",".484",".815",".340","-3.7","-1.7","1.8","19198"
"Tommy La Stella","Angels","123","518","465","128","23","1","15","63","63","40","65","5","2","1",".275",".337",".430",".767",".326","1.9","0.1","1.8","12371"
"Jason Castro","","84","352","304","68","15","1","12","38","40","39","108","4","2","1",".222",".316",".396",".712",".306","1.2","-0.9","1.8","8722"
"Dansby Swanson","Braves","153","644","571","144","31","3","19","70","73","59","143","5","11","5",".252",".324",".415",".739",".312","-1.9","1.8","1.8","18314"
"Whit Merrifield","Royals","160","672","609","172","36","6","14","87","64","47","112","6","23","7",".282",".336",".426",".763",".323","-2.3","2.6","1.8","11281"
"Adam Frazier","Pirates","135","567","508","140","29","5","10","67","54","44","76","7","7","4",".277",".340",".412",".752",".321","-1.4","1.0","1.8","15223"
"Ian Happ","Cubs","133","560","482","115","23","2","24","70","73","66","163","4","8","3",".238",".332",".443",".775",".327","-0.3","0.2","1.8","17919"
"Randal Grichuk","Blue Jays","127","532","487","119","29","3","29","70","80","33","143","5","3","1",".245",".298",".497",".795",".328","-1.4","0.2","1.7","10243"
"Brian Dozier","","125","525","455","107","23","1","22","70","60","58","113","5","7","3",".235",".326",".436",".762",".323","-1.5","0.5","1.7","9810"
"Miguel Rojas","Marlins","148","623","569","155","31","2","10","58","59","38","78","7","9","4",".273",".324",".385",".710",".304","2.1","-1.5","1.7","7802"
"Brandon Crawford","Giants","142","595","532","131","29","2","15","59","64","52","125","5","4","2",".247",".317",".393",".710",".301","2.3","-0.2","1.7","5343"
"Cesar Hernandez","Phillies","158","665","581","154","27","3","13","84","57","69","118","5","11","4",".266",".346",".390",".736",".318","-1.5","0.8","1.7","10556"
"Matt Carpenter","Cardinals","112","469","391","92","23","1","18","65","50","66","117","6","4","2",".236",".352",".441",".792",".337","-5.1","-0.1","1.7","8090"
"Charlie Blackmon","Rockies","148","623","558","164","31","5","28","97","78","48","114","8","8","3",".294",".356",".520",".876",".364","-5.0","0.3","1.7","7859"
"Justin Upton","Angels","148","623","546","131","25","1","30","80","89","66","187","6","5","2",".240",".325",".455",".780",".329","-3.6","0.7","1.7","5222"
"Max Stassi","Angels","60","250","220","46","9","0","7","26","26","22","75","3","1","1",".207",".288",".352",".640",".277","-1.1","-0.4","1.6","10059"
"Brett Gardner","","130","546","479","119","21","5","16","72","53","54","106","5","11","3",".248",".328",".415",".744",".318","0.4","2.6","1.6","9927"
"Luis Urias","Padres","140","588","516","128","23","4","14","67","56","55","121","9","5","3",".248",".329",".390",".719",".310","2.0","-0.2","1.6","16622"
"Reese McGuire","Blue Jays","78","326","294","71","15","1","9","36","35","24","64","3","3","1",".241",".303",".387",".690",".295","-0.7","0.1","1.6","15674"
"Franmil Reyes","Indians","142","595","531","138","24","1","37","83","96","54","154","3","1","1",".259",".329",".515",".844",".349","0.0","-0.6","1.6","14566"
"Khris Davis","Athletics","152","637","565","137","24","1","39","88","105","60","178","7","1","0",".243",".320",".496",".816",".338","0.0","-1.9","1.6","9112"
"Travis Shaw","Brewers","130","546","470","109","21","1","26","67","76","66","137","5","3","1",".233",".331",".446",".778",".328","-1.5","-0.5","1.6","11982"
"Zack Cozart","Angels","115","483","431","104","22","2","14","59","52","39","82","6","3","1",".242",".311",".403",".715",".305","3.7","-0.5","1.6","2616"
"Asdrubal Cabrera","","120","504","450","117","26","1","17","63","60","44","101","4","2","1",".261",".329",".440",".769",".325","-0.5","-2.3","1.6","4962"
"Edwin Encarnacion","","138","581","500","123","21","1","34","78","91","69","131","7","2","1",".247",".344",".494",".838",".350","-0.1","-2.7","1.6","2151"
"A.J. Pollock","Dodgers","132","553","500","127","27","2","22","71","72","39","117","8","9","3",".253",".315",".448",".763",".320","-3.8","1.3","1.6","9256"
"Evan Longoria","Giants","133","560","510","129","27","3","21","64","72","38","118","6","3","1",".252",".310",".439",".749",".315","-0.7","-0.4","1.6","9368"
"Lourdes Gurriel Jr.","Blue Jays","152","637","589","156","32","2","28","83","85","31","147","8","9","4",".265",".308",".471",".779",".324","-1.0","0.5","1.6","19238"
"Todd Frazier","","117","490","427","100","19","2","22","59","66","48","110","9","3","2",".235",".323",".443",".766",".324","-0.4","-0.7","1.5","785"
"Hunter Dozier","Royals","155","651","582","146","31","7","22","75","80","57","176","5","4","2",".251",".321",".444",".765",".322","-5.3","-1.0","1.5","15117"
"Austin Riley","Braves","143","602","546","136","27","2","31","74","85","41","173","7","3","1",".250",".308",".475",".782",".324","-3.6","0.3","1.5","18360"
"Salvador Perez","Royals","121","509","476","120","24","1","25","61","75","20","102","8","2","1",".252",".291",".465",".756",".314","7.1","-2.5","1.5","7304"
"Giovanny Urshela","Yankees","138","581","537","143","28","1","19","70","72","30","104","6","3","1",".267",".311",".428",".739",".312","-1.1","-1.3","1.5","10681"
"Wilson Ramos","Mets","100","422","383","105","18","1","16","49","57","32","67","3","1","0",".273",".332",".446",".778",".327","-1.3","-3.4","1.5","1433"
"Nicholas Castellanos","","143","602","548","151","39","2","25","78","84","42","135","5","3","1",".275",".330",".489",".819",".342","-6.5","-0.3","1.5","11737"
"Howie Kendrick","Nationals","98","413","374","112","23","2","14","53","53","29","67","5","4","2",".299",".354",".478",".832",".350","0.0","-0.9","1.4","4229"
"Nick Senzel","Reds","142","595","535","139","30","4","18","67","69","47","141","5","16","7",".259",".322",".432",".754",".319","-0.9","0.1","1.4","19293"
"Jacob Stallings","Pirates","64","269","245","64","14","1","6","26","28","17","52","3","1","1",".261",".316",".392",".708",".299","0.2","0.0","1.4","13723"
"Corey Dickerson","","133","560","517","142","35","4","21","71","75","32","113","4","4","2",".276",".320",".481",".801",".331","-0.8","-0.8","1.4","10762"
"Alex Avila","","70","294","241","50","9","1","10","33","31","47","99","2","2","1",".208",".339",".374",".713",".307","2.0","-1.1","1.4","7476"
"Hanser Alberto","Orioles","142","595","562","161","27","2","13","64","66","20","59","5","6","3",".287",".315",".411",".726",".307","0.2","-0.3","1.4","11902"
"Jeimer Candelario","Tigers","117","490","426","103","23","3","16","61","54","51","119","6","3","1",".243",".331",".424",".754",".322","2.9","0.6","1.4","13621"
"Justin Smoak","","138","581","490","117","23","1","28","76","80","80","135","5","1","0",".239",".349",".460",".809",".342","-0.5","-2.8","1.4","9054"
"Kevin Pillar","Giants","153","644","600","156","36","3","17","67","72","28","103","8","14","5",".260",".299",".415",".714",".300","0.3","2.4","1.4","12434"
"Nathaniel Lowe","Rays","87","364","317","83","16","1","15","47","48","39","84","3","1","1",".263",".346",".461",".807",".341","0.0","0.4","1.4","19566"
"Nick Ahmed","Diamondbacks","153","644","582","141","31","5","19","68","73","48","123","5","7","3",".243",".304",".411",".715",".302","0.1","0.6","1.4","12147"
"Nicky Lopez","Royals","138","581","528","143","27","4","7","60","55","41","63","4","10","4",".272",".326",".376",".703",".303","1.9","0.1","1.4","19339"
"Ender Inciarte","Braves","132","553","495","131","24","3","10","66","50","46","85","4","16","7",".265",".330",".387",".717",".308","1.3","2.4","1.3","4922"
"Austin Barnes","Dodgers","53","224","193","43","9","1","5","24","23","24","53","4","3","1",".225",".322",".363",".685",".296","-0.2","-0.2","1.3","12158"
"Jason Kipnis","","142","595","532","130","30","2","18","69","65","51","112","5","7","3",".244",".313",".411",".724",".308","-0.8","0.7","1.3","9776"
"Austin Hedges","Padres","53","224","204","43","8","1","9","22","26","15","66","2","1","0",".212",".272",".390",".661",".277","0.3","-0.2","1.3","12976"
"Kole Calhoun","","133","560","486","116","23","1","23","72","66","61","133","6","4","2",".239",".328",".436",".764",".322","1.9","-0.1","1.3","11200"
"Jesse Winker","Reds","112","469","404","113","21","2","16","60","55","53","75","6","3","1",".280",".368",".460",".828",".351","-4.2","-1.0","1.3","13590"
"Tommy Edman","Cardinals","117","490","451","124","22","5","11","53","54","28","82","5","14","5",".274",".321",".419",".740",".314","0.9","1.8","1.3","19470"
"Harrison Bader","Cardinals","88","368","324","77","14","2","12","41","42","32","104","7","9","4",".238",".318",".407",".724",".308","3.5","1.3","1.3","18030"
"Kevin Newman","Pirates","138","581","534","151","26","4","9","57","61","33","76","5","17","8",".283",".328",".400",".729",".310","-4.1","0.1","1.3","17696"
"Rowdy Tellez","Blue Jays","137","574","514","129","29","1","27","73","79","47","141","6","4","2",".251",".319",".466",".784",".327","0.9","-0.1","1.3","15679"
"Willians Astudillo","Twins","60","253","238","70","13","1","8","31","34","8","16","4","2","1",".296",".326",".459",".785",".330","0.3","-0.3","1.3","15608"
"Wilmer Flores","","88","371","340","97","20","1","15","46","52","23","44","4","1","0",".285",".335",".478",".813",".341","-2.9","-1.2","1.3","5827"
"Austin Hays","Orioles","110","462","429","111","22","1","20","56","61","22","99","4","9","4",".258",".298",".456",".755",".315","-1.3","0.4","1.3","19363"
"Nomar Mazara","Rangers","140","588","531","143","27","1","27","76","85","45","125","6","4","2",".269",".330",".476",".806",".337","-0.8","-0.6","1.3","14553"
"Avisail Garcia","","135","567","517","141","25","2","23","69","78","36","133","7","7","4",".272",".327",".463",".790",".331","-0.8","-0.8","1.3","5760"
"Willson Contreras","Cubs","99","416","363","93","19","2","16","51","57","42","99","7","3","1",".257",".341",".456",".797",".337","-0.3","-1.3","1.3","11609"
"J.D. Davis","Mets","120","504","452","119","23","1","21","60","68","42","116","4","3","1",".263",".328",".460",".788",".331","-3.8","-0.7","1.2","16219"
"Marwin Gonzalez","Twins","110","462","414","111","24","1","15","57","59","37","98","5","2","1",".269",".334",".443",".777",".328","-0.2","-0.5","1.2","5497"
"Yan Gomes","","88","371","332","76","17","0","13","39","44","29","95","6","1","1",".231",".300",".406",".706",".297","2.0","-0.6","1.2","9627"
"Starlin Castro","","133","560","520","142","26","2","17","64","69","31","102","3","3","2",".274",".316",".433",".749",".315","-2.7","-0.9","1.2","4579"
"Steven Souza Jr.","Diamondbacks","133","560","486","119","23","4","24","70","73","61","162","6","9","4",".244",".333",".455",".788",".333","-3.3","1.3","1.2","5667"
"Jose Iglesias","","130","546","507","135","28","3","9","55","56","26","70","5","9","4",".267",".306",".386",".692",".294","2.5","0.1","1.2","10231"
"Mike Tauchman","Yankees","133","560","495","122","25","3","15","67","62","53","125","4","10","4",".247",".322",".398",".719",".308","-2.2","0.1","1.2","15274"
"Martin Maldonado","","76","320","287","65","14","1","10","32","35","21","78","7","1","0",".225",".292",".379",".671",".287","2.4","-1.0","1.2","6887"
"Ji-Man Choi","Rays","108","455","389","96","20","2","17","57","58","57","113","5","3","1",".247",".346",".441",".787",".335","0.0","0.0","1.2","5452"
"Elvis Andrus","Rangers","155","651","597","160","33","4","14","76","72","42","100","5","22","8",".268",".318",".404",".722",".307","-3.7","1.9","1.2","8709"
"Gregory Polanco","Pirates","133","560","496","123","28","3","22","68","71","54","127","4","9","3",".248",".325",".447",".772",".324","-0.2","0.5","1.2","12907"
"Jonathan Schoop","","128","539","499","127","27","1","25","64","76","26","128","8","2","1",".255",".300",".464",".764",".318","-4.0","-0.9","1.2","11265"
"Willi Castro","Tigers","132","553","509","131","24","5","11","57","56","29","122","7","11","5",".257",".304",".391",".695",".296","-0.2","0.2","1.2","17338"
"Ryan McMahon","Rockies","137","574","510","136","29","2","22","71","76","52","152","3","6","3",".267",".337",".461",".798",".336","-1.4","0.4","1.2","15112"
"Willie Calhoun","Rangers","133","560","503","137","26","2","26","73","78","44","85","4","3","1",".272",".334",".482",".816",".341","-3.8","-0.3","1.2","17838"
"Kyle Higashioka","Yankees","49","205","187","42","8","0","9","24","27","13","52","2","1","0",".222",".279",".419",".697",".293","-0.4","0.1","1.2","5517"
"C.J. Cron","Twins","85","357","323","85","18","1","19","50","56","23","83","7","1","1",".264",".325",".497",".822",".341","0.9","-0.9","1.1","12546"
"Jorge Alfaro","Marlins","113","474","433","105","19","2","15","44","52","23","152","10","4","2",".242",".294",".398",".692",".292","-1.4","-1.0","1.1","12180"
"Domingo Santana","Mariners","133","560","488","118","23","1","22","67","68","61","179","4","7","3",".242",".329",".429",".758",".322","-2.7","0.6","1.1","10348"
"Ryan Braun","Brewers","142","595","539","144","31","2","28","78","87","44","122","6","10","4",".268",".328",".487",".816",".339","-2.3","-1.2","1.1","3410"
"Anthony Santander","Orioles","140","588","543","142","30","2","24","70","76","32","117","5","5","2",".261",".305",".453",".758",".317","-0.5","0.5","1.1","14551"
"D.J. Stewart","Orioles","113","476","417","105","21","1","18","58","58","47","104","6","8","4",".252",".333",".438",".771",".327","-1.5","0.2","1.1","17766"
"Josh Rojas","Diamondbacks","92","385","342","90","20","3","10","44","42","35","75","3","15","7",".265",".335",".426",".761",".324","-0.1","0.1","1.1","19734"
"Oscar Mercado","Indians","145","609","552","141","29","3","15","71","68","41","118","7","23","10",".255",".312",".401",".713",".304","-0.5","0.9","1.1","16375"
"Tyler O'Neill","Cardinals","140","588","533","126","22","1","29","71","82","44","185","4","6","2",".237",".298",".450",".748",".313","2.0","0.9","1.1","15711"
"Rougned Odor","Rangers","142","595","534","125","27","2","29","76","81","46","161","8","14","7",".234",".301",".455",".756",".315","-3.1","1.6","1.1","12282"
"Michael Chavis","Red Sox","133","560","503","125","23","1","25","73","77","43","158","6","4","2",".248",".312",".451",".763",".320","1.5","-0.3","1.1","17321"
"Victor Caratini","Cubs","62","262","233","61","13","1","8","30","31","23","54","3","1","0",".262",".334",".419",".752",".321","-0.3","-0.1","1.1","14968"
"Josh Reddick","Astros","105","441","399","106","18","2","14","55","56","35","64","1","4","2",".266",".326",".427",".753",".319","-1.0","0.4","1.1","3892"
"Mauricio Dubon","Giants","138","581","541","144","27","2","14","58","62","28","91","4","14","6",".266",".305",".402",".707",".299","-0.1","0.3","1.0","16530"
"Jordan Luplow","Indians","88","371","324","81","17","2","15","48","47","38","83","4","6","2",".250",".333",".449",".782",".331","1.2","0.0","1.0","16424"
"Dexter Fowler","Cardinals","155","651","556","131","28","2","20","78","67","79","158","7","10","4",".235",".336",".398",".734",".317","-6.5","0.9","1.0","4062"
"Alex Gordon","","125","525","463","117","23","1","15","59","58","45","104","11","5","2",".254",".332",".405",".737",".315","3.4","-0.9","1.0","5209"
"Nick Markakis","Braves","147","616","546","155","33","2","15","72","75","60","87","4","2","1",".283",".356",".432",".788",".335","-4.7","-1.9","1.0","5930"
"Jake Lamb","Diamondbacks","88","371","317","74","16","2","14","44","46","45","97","4","2","1",".233",".335",".431",".766",".325","-1.1","1.1","1.0","13329"
"Miguel Andujar","Yankees","133","560","519","140","30","1","24","71","81","29","93","4","4","2",".269",".311",".473",".785",".327","-0.2","0.3","1.0","15878"
"Orlando Arcia","Brewers","153","644","584","146","28","2","18","65","71","47","124","3","12","5",".250",".308",".394",".702",".297","-0.5","0.7","1.0","13185"
"Alex Dickerson","Giants","107","450","404","110","23","4","13","50","55","35","94","6","3","1",".271",".335",".446",".782",".329","-2.9","-0.2","1.0","12649"
"Gavin Lux","Dodgers","67","280","252","67","12","2","9","33","34","23","58","1","5","2",".265",".327",".433",".760",".322","-0.5","0.2","1.0","19955"
"Maikel Franco","Phillies","80","334","301","78","15","1","17","42","51","28","50","2","1","0",".261",".325",".489",".814",".330","-0.9","-1.0","1.0","12179"
"Nick Madrigal","White Sox","67","280","256","73","14","2","3","31","27","17","16","3","11","5",".287",".337",".391",".728",".313","0.0","0.3","0.9","sa3008139"
"Tyler Naquin","Indians","83","350","319","88","19","1","12","42","45","23","83","3","5","2",".274",".326",".448",".774",".325","1.7","0.3","0.9","13359"
"Russell Martin","","38","160","135","30","5","0","5","18","17","20","40","3","1","0",".224",".336",".381",".717",".311","-0.2","-0.6","0.9","4616"
"Christian Walker","Diamondbacks","140","588","518","128","27","2","25","71","77","55","156","6","6","2",".247",".324",".452",".776",".325","1.8","0.5","0.9","13419"
"Josh VanMeter","Reds","97","409","363","91","19","2","14","46","48","38","85","3","10","4",".250",".323",".428",".751",".318","-0.1","0.0","0.9","15170"
"Luke Voit","Yankees","102","427","369","92","16","1","18","55","55","47","113","6","1","0",".249",".341",".445",".785",".333","-1.8","-0.5","0.9","14811"
"Kyle Tucker","Astros","65","273","244","60","12","1","13","38","39","22","66","3","9","4",".247",".314",".467",".780",".326","0.2","0.3","0.9","18345"
"Yoenis Cespedes","Mets","56","235","211","54","11","1","13","32","35","19","60","2","2","1",".255",".322",".491",".812",".336","-0.5","0.2","0.9","13110"
"Enrique Hernandez","Dodgers","56","237","209","51","11","1","10","29","31","23","48","2","2","1",".245",".324",".443",".767",".322","0.0","0.7","0.9","10472"
"Rio Ruiz","Orioles","87","364","325","81","14","2","11","40","41","32","79","2","2","1",".248",".317",".405",".722",".308","0.4","-0.2","0.9","14103"
"Manuel Margot","Padres","83","348","314","79","15","3","9","39","35","26","65","2","12","5",".250",".310",".406",".717",".304","1.4","1.0","0.9","14712"
"Stephen Piscotty","Athletics","65","273","243","63","15","1","11","35","36","24","58","4","1","1",".261",".333",".458",".791",".334","-0.9","-0.4","0.9","13367"
"Mallex Smith","Mariners","138","581","518","129","24","6","7","64","50","47","128","7","38","13",".249",".317",".360",".677",".294","-4.9","3.8","0.9","13608"
"Daniel Vogelbach","Mariners","85","357","298","69","12","0","16","43","44","52","88","2","1","0",".231",".347",".431",".778",".333","0.0","-0.3","0.9","14130"
"Dee Gordon","Mariners","133","560","524","144","20","6","5","61","43","21","82","6","26","8",".274",".308",".360",".668",".287","-1.5","2.8","0.9","8203"
"Eric Sogard","","103","434","382","98","20","2","8","48","42","42","68","4","6","2",".256",".334",".380",".714",".308","-0.8","0.4","0.8","7927"
"James McCann","White Sox","120","506","459","110","20","1","16","53","57","35","137","6","3","2",".239",".298",".391",".689",".294","3.5","-1.5","0.8","12859"
"Garrett Cooper","Marlins","145","610","547","143","29","2","19","63","70","48","150","6","1","1",".262",".326",".427",".753",".320","0.3","-0.8","0.8","15279"
"Eric Hosmer","Padres","152","637","574","151","27","2","24","75","80","54","141","3","3","2",".263",".326",".440",".766",".322","0.8","-1.3","0.8","3516"
"Shin-Soo Choo","Rangers","145","609","517","132","25","2","21","85","65","72","151","10","9","3",".255",".356",".430",".786",".337","-0.7","-0.3","0.8","3174"
"Addison Russell","Cubs","66","279","248","61","13","1","9","31","34","24","64","3","2","1",".246",".318",".418",".736",".312","1.5","0.7","0.8","14106"
"Francisco Cervelli","","61","256","219","52","10","1","6","27","27","28","62","6","2","1",".238",".337",".376",".714",".312","-0.2","-0.6","0.8","5275"
"Joe Panik","","83","350","313","82","17","1","7","40","34","29","36","3","3","1",".264",".330",".394",".723",".310","-0.1","-0.4","0.8","11936"
"Scott Kingery","Phillies","135","567","519","124","27","3","17","60","66","36","150","6","14","5",".239",".293",".402",".695",".294","2.1","2.0","0.8","17975"
"Francisco Mejia","Padres","98","411","377","97","19","2","14","46","49","23","82","5","3","1",".257",".307",".430",".737",".310","-0.6","0.1","0.8","16403"
"Hunter Renfroe","Padres","130","546","496","115","23","1","30","66","79","40","157","5","4","2",".233",".294",".466",".760",".315","0.0","-0.3","0.8","15464"
"Ryan Zimmerman","","112","469","422","108","23","1","22","57","68","38","100","4","1","1",".256",".321",".470",".791",".331","-1.3","-0.2","0.8","4220"
"Brett Phillips","Royals","115","483","421","89","14","7","13","51","48","52","163","3","11","4",".210",".299",".368",".668",".287","4.4","1.1","0.8","14735"
"Harold Ramirez","Marlins","148","623","576","159","32","3","16","62","67","31","118","7","6","3",".276",".318",".422",".740",".313","-2.1","0.3","0.8","14387"
"Victor Reyes","Tigers","120","504","472","129","23","4","9","53","53","23","96","3","14","6",".273",".307",".399",".707",".300","4.8","0.3","0.8","15487"
"Jose Martinez","Cardinals","55","231","207","58","10","1","7","28","28","20","47","1","1","1",".280",".346",".439",".785",".334","-0.6","-0.2","0.8","7996"
"Miguel Cabrera","Tigers","142","595","528","146","27","1","20","70","75","57","122","4","1","0",".277",".349",".444",".793",".335","0.0","-4.6","0.7","1744"
"Odubel Herrera","Phillies","93","392","354","92","19","2","12","47","47","29","86","4","5","2",".260",".321",".429",".749",".317","-3.6","0.7","0.7","11476"
"Kurt Suzuki","Nationals","99","416","376","100","19","1","17","49","58","25","55","9","1","1",".266",".326",".459",".784",".330","-3.4","-1.3","0.7","8259"
"Tucker Barnhart","Reds","84","352","308","73","16","1","8","35","35","37","72","2","2","1",".237",".321",".375",".696",".297","3.0","-1.6","0.7","10200"
"David Dahl","Rockies","130","546","496","136","28","4","21","70","74","38","140","5","8","4",".275",".331",".478",".808",".338","-1.5","0.9","0.7","13744"
"Nico Hoerner","Cubs","58","245","226","61","11","2","5","27","28","14","31","2","4","2",".271",".318",".413",".731",".310","1.7","0.2","0.7","21479"
"Mitch Moreland","","118","497","441","106","20","2","25","61","71","48","117","3","2","1",".240",".316",".461",".777",".326","0.7","-1.6","0.7","3086"
"Sean Murphy","","91","384","344","75","15","1","10","41","37","29","107","4","4","2",".218",".285",".358",".643",".276","0.0","-0.1","0.7","sa549877"
"Colin Moran","Pirates","125","525","475","127","25","1","16","56","63","40","111","4","2","1",".268",".328",".423",".750",".317","-6.6","-1.3","0.7","16909"
"Chris Taylor","Dodgers","78","326","289","70","17","2","8","40","33","29","90","4","5","2",".243",".318",".405",".723",".308","-0.1","1.4","0.7","13757"
"Zack Collins","White Sox","104","435","367","79","15","1","16","51","48","59","133","3","2","1",".215",".326",".397",".723",".311","-0.1","0.1","0.7","19181"
"Brock Holt","","103","434","380","95","18","2","8","44","41","42","91","6","4","2",".249",".331",".365",".696",".303","0.4","-0.3","0.7","9345"
"Tom Murphy","Mariners","85","355","325","70","15","1","15","38","43","22","122","3","3","1",".215",".269",".403",".673",".283","0.3","0.3","0.7","13499"
"Derek Fisher","Blue Jays","103","434","378","86","17","2","17","53","51","45","136","4","10","4",".228",".315",".415",".730",".311","0.6","0.4","0.7","16192"
"Robinson Chirinos","","95","397","340","74","16","1","15","44","47","41","118","10","2","1",".218",".318",".406",".724",".311","-1.1","-1.6","0.7","3142"
"Mike Yastrzemski","Giants","130","546","485","118","26","4","16","57","60","48","142","5","6","3",".242",".315",".413",".728",".309","0.0","0.7","0.7","14854"
"David Freitas","Brewers","46","192","171","44","10","0","4","20","20","16","38","2","1","0",".258",".326",".390",".717",".308","-0.3","-0.1","0.7","10619"
"Chad Pinder","Athletics","68","287","260","65","14","1","10","35","35","19","73","4","2","1",".249",".307",".427",".734",".310","0.6","-0.3","0.7","15191"
"Matt Joyce","","75","315","266","64","14","0","12","40","35","43","69","2","2","1",".241",".348",".426",".774",".332","-1.6","-0.3","0.7","3353"
"Brandon Drury","Blue Jays","112","469","425","103","25","1","14","52","53","34","114","4","2","1",".242",".302",".409",".710",".301","0.4","-0.2","0.7","11615"
"Niko Goodrum","Tigers","143","602","540","130","29","4","17","66","67","51","165","4","12","5",".240",".309",".406",".714",".304","-1.8","2.0","0.7","12092"
"Scooter Gennett","","123","518","476","124","25","2","16","59","62","32","113","5","3","1",".261",".311",".421",".732",".309","-5.4","-0.4","0.7","10339"
"Austin Romine","","53","224","206","52","11","0","7","23","26","13","52","2","1","1",".250",".297",".406",".703",".298","-0.1","-0.5","0.7","5491"
"Austin Dean","Marlins","88","370","338","89","19","1","12","38","44","25","76","3","3","2",".263",".316",".435",".751",".317","-1.1","0.5","0.7","18288"
"Isan Diaz","Marlins","145","609","537","125","23","3","20","63","65","58","154","6","8","4",".233",".312",".399",".711",".303","-6.0","-0.3","0.6","17922"
"Yolmer Sanchez","White Sox","105","441","397","97","20","4","7","48","40","33","93","4","6","3",".243",".306",".364",".671",".289","0.5","0.3","0.6","11602"
"Jedd Gyorko","","55","231","204","51","9","1","10","27","30","23","51","2","2","1",".249",".326",".439",".766",".325","-0.9","-0.6","0.6","10816"
"Joey Wendle","Rays","63","266","244","62","14","2","4","28","27","15","51","4","6","2",".256",".307",".379",".686",".294","1.0","0.4","0.6","13853"
"Matt Duffy","Rays","55","231","206","55","10","1","4","26","23","19","40","3","3","1",".267",".335",".378",".714",".309","-0.7","-0.4","0.6","13836"
"Omar Narvaez","Mariners","88","371","325","82","13","1","11","40","40","39","71","3","1","0",".252",".334",".395",".729",".314","-3.0","-0.7","0.6","13338"
"Aristides Aquino","Reds","143","602","550","132","24","1","35","75","89","39","168","5","8","3",".241",".295",".483",".778",".321","-2.0","0.3","0.6","15482"
"Jonathan Lucroy","","64","269","241","61","12","1","7","28","30","21","42","3","1","0",".254",".320",".394",".714",".305","0.9","-1.4","0.6","7870"
"Josh Naylor","Padres","74","310","278","74","15","1","10","35","36","26","55","2","2","1",".266",".331",".435",".765",".323","-1.3","0.2","0.6","18839"
"Curt Casali","Reds","61","257","227","54","10","0","8","27","29","24","61","2","1","0",".235",".312",".395",".707",".302","0.0","-0.2","0.6","12510"
"Jose Peraza","Reds","93","389","360","98","18","2","8","43","37","18","52","5","11","4",".272",".315",".395",".710",".303","0.1","1.0","0.6","13593"
"Kevan Smith","Angels","78","326","298","79","15","1","8","36","37","19","54","5","2","1",".266",".318",".401",".719",".308","-2.5","-1.0","0.6","12284"
"Kevin Plawecki","Indians","47","198","176","42","9","0","5","22","22","16","41","3","1","0",".236",".310",".381",".691",".297","-0.1","-0.4","0.6","13807"
"Jarrod Dyson","","87","364","321","76","13","2","6","38","33","33","67","4","18","5",".236",".313",".345",".657",".287","2.8","2.4","0.6","4866"
"Jose Osuna","Pirates","65","273","249","66","17","1","8","31","34","18","52","2","2","1",".265",".317",".439",".755",".319","-0.9","-0.3","0.6","12937"
"Jake Bauers","Indians","72","301","261","63","14","1","10","37","36","34","74","2","6","3",".241",".333",".416",".749",".321","0.0","0.6","0.6","15194"
"Johan Camargo","Braves","44","184","167","45","10","1","6","21","23","13","36","1","1","0",".268",".324",".436",".760",".320","0.2","-0.1","0.5","14950"
"Garrett Stubbs","Astros","104","435","388","90","19","2","8","49","44","37","86","4","9","3",".232",".303",".353",".656",".285","-0.1","0.7","0.5","18067"
"Jed Lowrie","Mets","73","306","270","64","14","1","9","35","34","31","63","2","1","0",".236",".317",".389",".706",".304","-0.6","-0.8","0.5","4418"
"Christin Stewart","Tigers","112","469","411","101","20","2","18","58","55","46","112","5","1","1",".245",".327",".433",".759",".321","-3.5","-0.5","0.5","17714"
"David Bote","Cubs","68","287","252","61","13","1","9","33","33","27","74","4","3","1",".242",".324",".404",".728",".310","-1.3","0.4","0.5","14593"
"Shed Long","Mariners","72","301","271","67","13","2","9","33","33","24","74","2","5","2",".246",".309",".402",".711",".303","-0.4","0.5","0.5","16542"
"Sandy Leon","Red Sox","52","218","197","44","9","0","5","23","22","15","56","2","1","1",".222",".282",".348",".629",".271","0.6","-0.5","0.5","5273"
"Donovan Solano","Giants","74","312","290","80","16","1","4","29","30","15","57","3","2","1",".276",".315",".381",".696",".298","0.4","-0.4","0.5","8623"
"Jamie Ritchie","Astros","49","205","179","40","9","0","3","22","19","20","47","2","1","1",".225",".310",".329",".639",".282","0.0","0.1","0.5","sa829058"
"Wil Myers","Padres","104","435","383","88","19","1","17","53","50","44","135","3","12","4",".228",".310",".415",".725",".309","-0.9","1.0","0.5","10047"
"Mike Ford","Yankees","33","140","122","31","6","0","7","20","20","15","27","2","0","0",".254",".339",".484",".823",".344","-0.2","0.1","0.5","15585"
"Isaac Paredes","Tigers","32","133","119","32","6","0","4","15","15","10","18","2","1","0",".267",".332",".418",".750",".320","0.0","0.1","0.5","sa920275"
"Ronny Rodriguez","Tigers","62","259","243","62","11","2","9","28","32","11","60","1","4","2",".256",".290",".433",".723",".302","-0.7","0.1","0.5","11875"
"Renato Nunez","Orioles","148","623","561","138","26","1","29","74","83","47","153","7","2","1",".246",".310",".452",".762",".320","0.0","-0.3","0.5","14503"
"Dawel Lugo","Tigers","90","378","355","95","17","4","8","39","41","14","66","3","4","2",".268",".299",".405",".704",".297","-0.9","-0.2","0.5","14713"
"Cam Gallagher","Royals","23","96","87","22","5","0","2","10","9","7","17","1","1","0",".249",".310",".371",".680",".293","0.0","-0.2","0.5","12981"
"Eric Thames","","80","336","290","67","14","2","15","44","41","37","103","5","3","1",".230",".325",".447",".772",".324","-1.4","0.2","0.5","3711"
"Adeiny Hechavarria","","73","308","284","71","14","1","7","30","32","17","60","2","4","1",".251",".297",".379",".676",".287","1.1","0.1","0.4","10459"
"Jake Rogers","","79","333","298","65","13","1","9","36","32","25","93","3","3","1",".218",".285",".358",".643",".276","0.0","-0.1","0.4","sa389703"
"JaCoby Jones","Tigers","133","560","504","117","26","4","16","61","59","40","165","9","12","5",".233",".298",".395",".693",".294","-4.1","1.0","0.4","14818"
"Dom Nunez","Rockies","52","218","191","43","8","1","8","24","25","21","57","2","2","1",".224",".306",".394",".700",".299","-0.4","0.2","0.4","15055"
"Daniel Murphy","Rockies","133","560","511","147","35","2","21","73","77","39","86","3","3","1",".288",".341",".484",".825",".344","-0.9","-0.8","0.4","4316"
"Greg Garcia","Padres","48","202","171","41","8","1","3","20","17","25","44","3","2","1",".241",".344",".345",".689",".305","0.0","0.5","0.4","10951"
"Jon Berti","Marlins","64","269","240","58","11","2","5","26","24","22","60","4","11","4",".242",".313",".361",".674",".293","-0.5","1.2","0.4","12037"
"Aledmys Diaz","Astros","30","126","114","30","7","0","4","16","17","9","19","1","1","1",".260",".318",".440",".759",".319","-0.2","-0.2","0.4","15937"
"Ildemaro Vargas","Diamondbacks","68","284","264","74","14","2","5","30","30","14","30","2","3","1",".280",".319",".405",".725",".308","-1.0","0.0","0.4","13324"
"Josh Phegley","Athletics","49","205","187","44","11","1","6","23","23","12","43","3","1","0",".237",".291",".398",".689",".292","0.6","-0.5","0.4","9308"
"Austin Slater","Giants","50","208","182","45","9","1","5","21","21","20","56","3","3","1",".250",".333",".391",".724",".312","-0.1","0.4","0.4","16153"
"Tony Wolters","Rockies","98","410","357","89","18","3","5","40","38","40","72","6","2","1",".250",".334",".361",".694",".300","2.7","0.0","0.4","11470"
"Chad Wallach","Marlins","40","166","148","31","7","0","4","14","15","14","50","2","1","0",".208",".283",".337",".620",".270","0.0","0.1","0.4","17161"
"Rene Rivera","","30","128","117","26","4","0","5","13","16","8","38","1","0","0",".221",".277",".399",".676",".285","0.6","-0.5","0.4","3648"
"Ben Gamel","Brewers","52","217","191","49","11","1","4","23","22","21","53","2","3","1",".258",".336",".393",".728",".313","0.0","1.0","0.4","12160"
"Ben Zobrist","","70","294","258","67","14","1","6","34","30","31","44","2","2","1",".261",".343",".391",".734",".318","-0.2","-0.5","0.4","7435"
"Matt Beaty","Dodgers","35","145","132","36","8","0","4","17","18","9","21","2","1","1",".273",".326",".439",".765",".322","-0.2","0.0","0.4","17710"
"Pedro Severino","Orioles","69","288","260","63","11","1","9","31","33","21","61","3","2","1",".243",".305",".399",".704",".300","-0.2","-0.3","0.4","14523"
"Teoscar Hernandez","Blue Jays","88","371","331","76","16","2","17","47","47","32","115","3","5","2",".229",".301",".441",".742",".311","-0.9","0.2","0.4","13066"
"John Ryan Murphy","Braves","38","160","146","30","6","0","5","15","17","10","46","1","1","0",".208",".264",".353",".618",".263","0.0","0.1","0.4","10346"
"Luis Rengifo","Angels","32","133","118","29","6","1","3","15","14","12","27","1","3","2",".248",".320",".382",".701",".302","0.1","0.2","0.4","19858"
"Cameron Maybin","","75","315","276","68","14","1","7","35","31","33","76","2","10","4",".248",".330",".382",".712",".308","-0.5","0.4","0.4","5223"
"Albert Almora Jr.","Cubs","73","306","283","75","15","1","8","35","34","16","54","2","3","1",".266",".308",".411",".719",".302","-0.4","-0.4","0.4","14109"
"Adam Duvall","Braves","50","209","188","44","9","1","10","25","30","16","55","3","1","0",".232",".299",".456",".755",".314","0.2","0.6","0.4","10950"
"Brad Miller","","47","196","172","41","9","1","8","23","25","20","55","1","2","1",".236",".319",".435",".754",".318","-1.7","0.0","0.3","12775"
"Jay Bruce","Phillies","55","231","208","49","11","0","13","29","35","19","57","1","1","1",".233",".299",".472",".771",".320","-0.6","-0.5","0.3","9892"
"Stephen Vogt","","50","211","192","46","11","1","8","24","27","16","48","1","2","1",".241",".301",".431",".731",".307","-1.1","-0.5","0.3","5000"
"Randy Arozarena","Cardinals","29","121","109","29","6","1","3","13","14","8","25","2","4","2",".267",".330",".424",".754",".321","0.4","0.1","0.3","19290"
"Jose Trevino","Rangers","84","352","329","81","16","1","7","35","36","16","62","2","2","1",".247",".284",".368",".652",".278","1.7","-0.7","0.3","16725"
"Aramis Garcia","Giants","61","258","236","50","10","1","7","23","26","16","82","2","1","0",".212",".266",".353",".620",".264","0.4","0.1","0.3","16925"
"Logan Forsythe","","67","280","242","57","12","1","6","30","26","31","70","3","2","1",".235",".327",".364",".690",".301","0.1","0.0","0.3","7185"
"Justin Bour","","42","175","152","37","6","0","9","23","25","20","45","1","1","0",".244",".335",".471",".806",".338","0.0","-0.9","0.3","9744"
"Marco Hernandez","Red Sox","87","364","338","91","23","1","5","41","38","16","82","4","6","3",".268",".308",".386",".694",".296","-0.8","0.2","0.3","13154"
"Travis Demeritte","Tigers","45","189","168","40","9","1","7","22","23","17","55","2","2","1",".239",".312",".434",".746",".316","-0.2","0.2","0.3","15958"
"Jordy Mercer","","100","420","379","93","21","1","10","41","44","31","84","4","1","1",".246",".307",".385",".692",".293","-2.8","0.1","0.3","6547"
"Logan Morrison","","58","245","216","51","10","0","13","30","35","23","57","3","1","0",".235",".316",".460",".776",".326","-0.2","-0.1","0.3","9205"
"Ehire Adrianza","Twins","45","189","170","44","9","1","4","22","20","14","37","2","2","1",".256",".317",".388",".705",".301","-0.1","0.1","0.3","8418"
"Delino DeShields","Rangers","63","266","233","56","11","2","4","32","22","27","63","2","14","4",".241",".324",".351",".674",".296","-0.2","2.1","0.3","11379"
"Dustin Pedroia","Red Sox","38","161","144","38","7","0","3","20","16","14","23","1","2","1",".265",".332",".384",".716",".309","0.6","-0.6","0.3","8370"
"Alec Bohm","Phillies","20","84","76","20","4","0","3","10","11","6","15","1","1","0",".264",".323",".448",".771",".325","0.0","0.1","0.3","sa3007284"
"Ryan McBroom","Royals","102","427","386","98","20","1","13","47","48","31","112","5","2","1",".254",".315",".408",".723",".307","0.2","-0.1","0.3","16524"
"Hunter Pence","","87","364","332","87","16","1","13","43","47","25","86","3","5","2",".263",".318",".440",".758",".320","-0.1","0.1","0.3","8252"
"Neil Walker","","80","336","294","73","14","1","10","37","39","35","71","3","2","1",".247",".330",".406",".737",".315","-1.2","-0.3","0.3","7539"
"Tomas Nido","Mets","49","205","190","43","9","0","5","18","21","10","48","1","1","0",".226",".269",".354",".623",".264","-1.9","-0.2","0.3","13755"
"Jung Ho Kang","","30","126","113","27","5","0","6","15","18","10","36","1","1","0",".237",".303",".454",".757",".317","-1.0","-0.1","0.3","17182"
"Jesus Aguilar","Rays","57","238","209","50","9","0","10","29","32","24","61","2","0","0",".237",".319",".433",".751",".318","0.0","-0.5","0.3","11342"
"Michael Brosseau","Rays","32","133","121","31","6","0","4","15","16","8","29","2","1","1",".252",".307",".412",".719",".305","-0.4","0.1","0.3","19683"
"Ryan O'Hearn","Royals","98","413","365","86","18","2","17","48","52","40","110","3","1","1",".234",".313",".433",".747",".315","-0.4","-0.3","0.3","16442"
"Dominic Smith","Mets","47","196","177","43","9","0","7","21","24","15","46","2","1","1",".241",".304",".417",".721",".305","-0.3","0.0","0.3","15653"
"Christian Arroyo","Indians","75","315","288","71","16","1","8","35","36","20","68","4","3","1",".248",".302",".398",".700",".298","-1.4","0.1","0.2","16434"
"Jake Marisnick","Astros","42","175","159","35","7","1","6","21","21","11","56","3","5","2",".219",".279",".394",".673",".285","0.0","0.6","0.2","11339"
"Evan White","Mariners","72","301","274","69","12","1","10","33","36","20","67","3","2","1",".252",".306",".417",".723",".305","0.0","0.2","0.2","sa915774"
"Devon Travis","","42","175","162","43","9","1","5","20","20","8","32","2","2","1",".263",".305",".425",".730",".307","-1.7","0.2","0.2","13862"
"Chris Iannetta","","34","141","121","27","6","0","5","15","16","15","42","2","1","0",".221",".316",".398",".715",".304","-0.6","-0.7","0.2","8267"
"Michael Perez","Rays","50","211","190","43","9","0","6","23","23","17","53","1","1","1",".229",".294",".373",".667",".286","0.2","-0.1","0.2","12977"
"Billy McKinney","Blue Jays","45","189","169","40","9","1","7","24","22","16","45","2","1","1",".238",".308",".438",".745",".314","-0.1","0.0","0.2","15654"
"Grayson Greiner","Tigers","73","307","276","62","12","1","7","29","30","25","83","2","1","0",".225",".292",".358",".650",".281","-0.6","0.1","0.2","17062"
"Eduardo Nunez","","57","238","224","60","12","1","6","26","27","9","35","2","5","2",".269",".301",".412",".713",".301","-2.0","-0.5","0.2","6848"
"Greg Bird","Yankees","23","98","85","19","4","0","5","13","13","11","26","1","0","0",".227",".317",".451",".768",".323","0.4","0.0","0.2","14131"
"Ronald Guzman","Rangers","87","364","321","79","16","1","13","43","44","34","94","4","2","1",".245",".323",".422",".745",".316","2.1","-0.3","0.2","14388"
"Franklin Barreto","Athletics","20","84","76","18","4","0","3","10","10","6","26","1","2","1",".237",".295",".411",".706",".298","0.0","0.1","0.2","15519"
"Garrett Hampson","Rockies","68","285","258","70","13","3","5","31","30","21","60","2","13","5",".270",".328",".403",".731",".312","-0.4","1.2","0.2","19262"
"Aaron Hicks","Yankees","10","42","36","9","2","0","2","6","5","5","10","0","1","0",".239",".341",".436",".777",".332","-0.1","0.1","0.2","5297"
"Chance Sisco","Orioles","78","326","284","68","13","0","11","37","36","29","90","8","2","1",".238",".324",".400",".724",".312","-0.7","-0.1","0.2","15694"
"Matt Thaiss","Angels","33","140","125","30","6","1","4","16","16","13","32","1","1","0",".240",".312",".400",".712",".304","-0.1","-0.1","0.2","19318"
"Domingo Leyba","Diamondbacks","32","136","125","32","7","1","3","14","15","8","24","1","1","0",".258",".308",".403",".711",".302","0.0","0.2","0.2","16404"
"Phillip Ervin","Reds","80","335","298","72","14","3","10","36","38","28","81","5","9","4",".242",".316",".409",".725",".309","-1.0","0.8","0.2","14738"
"Adam Haseley","Phillies","32","135","122","31","6","0","4","14","15","9","28","2","2","1",".253",".311",".399",".710",".302","0.3","0.2","0.2","19878"
"Abraham Toro","Astros","13","56","50","13","3","0","2","7","7","5","11","1","1","0",".253",".323",".421",".744",".316","0.2","0.0","0.2","19844"
"Chris Herrmann","","30","128","112","24","4","1","4","13","13","14","37","1","1","0",".214",".301",".366",".667",".288","0.6","0.1","0.2","9284"
"Jonathan Davis","Blue Jays","60","252","223","51","11","1","5","28","24","20","63","6","6","2",".226",".304",".358",".662",".287","-0.6","0.2","0.2","15104"
"Pablo Reyes","Pirates","35","145","132","33","7","1","3","16","15","10","29","1","3","2",".253",".309",".396",".705",".301","-0.2","0.4","0.2","16357"
"Clint Frazier","Yankees","37","154","139","34","8","0","6","20","20","11","40","2","2","1",".246",".308",".442",".750",".315","-1.0","-0.1","0.2","15983"
"Danny Mendick","White Sox","22","91","81","20","4","0","2","10","9","7","18","1","2","1",".243",".310",".375",".685",".296","-0.1","0.0","0.2","18889"
"Daniel Johnson","Indians","28","119","109","29","6","1","4","15","15","8","28","1","3","1",".264",".317",".439",".756",".318","0.0","0.1","0.2","sa918018"
"Josh Ockimey","Red Sox","38","161","138","32","7","1","6","21","20","20","50","1","1","0",".229",".327",".426",".753",".321","0.0","0.1","0.2","sa829375"
"Hernan Perez","","53","224","209","52","11","1","7","24","26","12","50","1","5","2",".252",".293",".403",".696",".294","-1.5","0.2","0.2","5751"
"Alex Jackson","Braves","24","102","93","19","4","0","5","11","13","6","34","2","0","0",".207",".268",".402",".669",".281","0.0","0.1","0.2","17276"
"Seth Brown","Athletics","115","483","441","102","21","4","16","55","56","33","135","3","5","2",".232",".287",".403",".690",".291","1.2","0.1","0.2","18171"
"Tony Kemp","Cubs","28","117","104","27","5","1","2","13","12","10","18","1","3","1",".264",".335",".385",".719",".310","0.0","-0.2","0.2","14894"
"Luis Guillorme","Mets","27","115","102","25","5","0","2","11","11","11","19","1","1","1",".249",".323",".348",".671",".294","-0.2","0.1","0.2","16451"
"Yairo Munoz","Cardinals","48","202","185","47","9","1","5","20","22","12","40","2","5","2",".255",".304",".388",".692",".294","-0.2","0.1","0.2","16313"
"Dwight Smith Jr.","Orioles","55","231","207","54","10","1","7","27","27","18","46","2","3","1",".258",".324",".424",".747",".318","-2.3","-0.1","0.2","13473"
"Ty France","Padres","12","51","46","12","2","0","2","6","6","3","10","1","0","0",".261",".323",".439",".762",".323","0.0","-0.1","0.2","17982"
"Josh Harrison","","67","280","256","63","13","1","6","31","27","14","53","6","5","2",".248",".301",".378",".679",".291","-1.2","0.5","0.2","8202"
"Anthony Bemboom","Angels","15","64","58","12","2","0","1","6","6","5","17","1","0","0",".209",".275",".317",".592",".258","0.2","0.0","0.2","13854"
"Jake Cave","Twins","22","91","82","21","4","1","3","11","11","6","26","1","1","0",".255",".315",".422",".737",".312","-0.1","0.1","0.2","14477"
"Freddy Galvis","Reds","150","630","581","139","27","2","18","63","67","38","145","3","6","3",".240",".288",".387",".675",".286","-1.8","0.4","0.2","6609"
"Jo Adell","Angels","53","224","205","49","11","0","7","25","26","14","64","2","3","1",".241",".295",".405",".700",".297","0.0","0.2","0.1","sa3004837"
"Kevin Cron","Diamondbacks","12","51","46","11","2","0","3","6","7","4","14","1","0","0",".246",".315",".482",".798",".331","0.0","0.0","0.1","16211"
"Cole Tucker","Pirates","20","84","76","19","4","1","1","8","8","6","18","1","2","1",".247",".309",".371",".680",".292","0.2","0.1","0.1","17326"
"Tim Locastro","Diamondbacks","54","228","203","51","11","2","4","23","22","13","44","9","8","3",".250",".320",".372",".692",".300","-0.2","0.8","0.1","15124"
"Ian Desmond","Rockies","61","258","234","61","12","2","10","31","34","19","64","2","4","2",".262",".321",".451",".772",".325","-0.4","0.2","0.1","6885"
"Billy Hamilton","","70","294","264","60","11","2","2","31","21","24","70","1","17","4",".227",".293",".311",".604",".265","2.6","3.0","0.1","10199"
"Matt Adams","","83","350","317","75","14","1","19","43","52","26","101","3","1","0",".235",".296",".468",".764",".316","0.2","-0.4","0.1","9393"
"Yadiel Hernandez","Nationals","14","59","53","14","2","0","2","7","7","5","14","0","1","0",".265",".332",".430",".762",".322","0.0","0.0","0.1","sa724030"
"Lane Thomas","Cardinals","13","56","50","12","2","0","2","6","7","4","15","1","1","1",".243",".307",".416",".723",".307","0.0","0.0","0.1","16939"
"Austin Nola","Mariners","95","397","355","86","17","1","8","41","39","32","87","5","3","1",".241",".309",".367",".676",".292","1.9","0.3","0.1","15941"
"Thairo Estrada","Yankees","23","98","91","23","4","0","3","11","11","5","19","1","2","1",".252",".295",".391",".687",".292","-0.1","0.1","0.1","16426"
"Wilmer Difo","Nationals","142","595","536","132","23","4","9","57","56","47","120","4","13","5",".247",".310",".355",".664",".285","2.1","0.9","0.1","14320"
"Bryan Holaday","","18","77","69","17","4","0","2","8","8","6","14","1","1","0",".251",".314",".396",".710",".301","0.6","-0.2","0.1","11287"
"Jonah Heim","Athletics","12","51","47","11","2","0","1","5","5","3","9","0","0","0",".238",".294",".357",".651",".280","0.0","0.0","0.1","sa737843"
"Seby Zavala","White Sox","18","77","70","15","3","0","3","8","8","5","26","1","0","0",".209",".266",".365",".631",".269","0.0","0.0","0.1","18887"
"Kendrys Morales","","58","245","217","55","9","1","10","29","33","23","49","3","1","0",".252",".329",".443",".771",".326","-0.1","-1.8","0.1","8610"
"Nick Martini","Padres","59","249","216","53","10","1","4","27","20","27","57","2","1","0",".244",".333",".352",".686",".301","-0.6","0.4","0.1","12005"
"Brian Goodwin","Angels","112","469","420","97","21","2","14","54","52","39","135","4","8","3",".230",".299",".392",".691",".294","-0.9","0.3","0.1","12858"
"Leonys Martin","","42","175","158","36","7","1","5","20","17","13","47","2","4","2",".231",".294",".376",".670",".287","0.8","0.4","0.1","11846"
"Dylan Moore","Mariners","28","119","107","24","5","1","3","12","12","9","30","2","4","2",".221",".290",".361",".651",".280","0.1","0.1","0.1","18042"
"Ryon Healy","","37","154","142","37","7","0","7","18","22","9","34","1","0","0",".259",".306",".461",".767",".321","-0.4","-0.5","0.1","15447"
"Jaylin Davis","Giants","43","182","164","40","7","1","7","19","21","13","51","2","2","1",".241",".304",".410",".714",".303","-0.2","0.1","0.1","19552"
"Brendan Rodgers","Rockies","13","56","51","14","3","0","2","7","7","3","12","1","0","0",".279",".326",".451",".777",".327","-0.1","0.1","0.1","17907"
"Juan Lagares","","75","315","286","70","15","2","6","32","31","21","75","3","5","2",".246",".304",".370",".674",".286","-0.7","0.4","0.1","5384"
"Ryan Mountcastle","Orioles","17","70","66","18","3","0","3","8","9","3","17","1","0","0",".270",".304",".465",".768",".320","0.0","0.1","0.1","sa874734"
"Bradley Zimmer","Indians","20","84","75","17","4","0","2","10","9","7","27","1","2","1",".229",".302",".382",".683",".293","0.7","0.3","0.1","16221"
"Raudy Read","Nationals","46","192","178","43","9","1","6","20","22","9","41","2","1","0",".242",".284",".399",".683",".287","0.2","0.1","0.1","15766"
"Tyler White","Dodgers","22","94","83","19","4","0","3","10","11","9","23","1","0","0",".235",".315",".398",".713",".305","0.0","0.0","0.1","15564"
"Cheslor Cuthbert","Royals","60","252","229","59","13","1","8","28","29","17","55","2","1","0",".255",".312",".417",".729",".309","-0.3","-0.6","0.1","10473"
"Adam Engel","White Sox","125","525","476","105","21","4","12","54","51","33","152","9","13","5",".222",".282",".355",".636",".274","-0.9","1.9","0.1","15082"
"Donnie Walton","Mariners","10","42","38","9","2","0","1","4","4","3","7","1","1","0",".249",".316",".353",".668",".291","0.0","0.0","0.1","19314"
"Adam Jones","","133","560","436","113","21","1","16","56","56","26","88","6","3","1",".259",".306",".422",".728",".307","-5.0","-0.5","0.1","6368"
"Daniel Palka","White Sox","43","182","162","37","6","0","9","22","25","17","54","1","1","0",".226",".301",".435",".736",".308","-0.5","-0.1","0.1","14897"
"Jason Martin","Pirates","22","93","85","22","4","1","2","10","10","6","20","0","2","1",".255",".307",".407",".714",".302","0.0","0.1","0.1","16429"
"Carlos Gonzalez","","33","140","126","30","6","0","5","15","17","12","37","1","1","1",".237",".305",".411",".716",".303","0.2","0.0","0.1","7287"
"Daniel Robertson","Rays","8","35","30","7","1","0","1","4","3","4","8","1","0","0",".237",".330",".358",".688",".302","-0.1","0.0","0.1","14145"
"Leury Garcia","White Sox","110","462","430","112","20","2","8","48","44","20","106","6","10","4",".260",".300",".373",".673",".288","-0.1","0.9","0.1","5913"
"Sheldon Neuse","Athletics","8","35","32","8","2","0","1","4","4","2","10","0","0","0",".255",".305",".391",".696",".297","0.0","0.0","0.1","19635"
"Roman Quinn","Phillies","31","130","116","28","5","1","3","14","13","11","35","1","6","2",".239",".307",".376",".683",".294","-0.3","0.4","0.1","13546"
"Myles Straw","Astros","7","28","25","6","1","0","0","3","2","3","5","0","1","0",".260",".335",".338",".673",".297","0.0","0.1","0.1","17620"
"Jake Fraley","Mariners","17","70","64","15","3","0","2","8","8","4","17","1","2","1",".242",".295",".397",".692",".293","-0.6","0.1","0.1","19260"
"Joey Rickard","Giants","14","59","53","13","3","0","1","6","6","5","14","1","1","0",".242",".311",".376",".688",".296","0.0","0.2","0.1","13277"
"Yonder Alonso","","67","280","246","59","11","0","10","32","35","29","63","2","1","0",".240",".322",".416",".738",".314","-0.3","-0.9","0.1","2530"
"LaMonte Wade","Twins","8","35","30","8","1","0","1","4","4","4","6","0","0","0",".256",".344",".381",".725",".316","-0.3","0.0","0.1","18126"
"Breyvic Valera","Blue Jays","8","35","31","8","2","0","1","4","4","3","4","0","1","0",".260",".322",".383",".705",".303","-0.2","0.0","0.1","12758"
"Tim Beckham","Mariners","10","42","38","9","2","0","1","5","5","3","12","0","0","0",".233",".290",".402",".692",".293","-0.2","0.0","0.1","7949"
"Brent Rooker","Twins","7","28","25","6","1","0","1","4","4","2","9","0","0","0",".244",".313",".447",".760",".320","0.0","0.0","0.1","sa3003172"
"Ian Kinsler","Padres","12","49","44","11","2","0","1","6","5","3","8","0","1","0",".238",".298",".381",".680",".291","0.2","0.0","0.1","6195"
"Tyler Austin","","17","70","62","14","3","0","3","8","9","7","24","0","1","0",".224",".302",".431",".733",".308","-0.2","0.1","0.1","11850"
"Guillermo Heredia","Rays","33","140","124","30","6","0","3","15","13","11","29","3","2","1",".239",".315",".353",".668",".291","-0.6","0.1","0.1","18721"
"Jared Walsh","Angels","12","49","44","10","2","0","2","6","6","4","16","1","0","0",".236",".305",".427",".732",".308","0.1","0.0","0.1","18607"
"Steven Duggar","Giants","39","165","148","36","8","1","2","15","14","13","47","1","3","1",".241",".306",".359",".665",".287","0.2","0.3","0.1","17719"
"Kean Wong","Giants","24","100","91","23","4","1","1","9","9","6","24","1","1","1",".251",".305",".358",".663",".285","0.0","0.1","0.1","15994"
"Gordon Beckham","","37","154","139","33","7","1","3","16","15","11","34","2","2","1",".236",".298",".369",".668",".287","-0.1","-0.2","0.0","9015"
"Tres Barrera","Nationals","8","32","29","7","1","0","1","3","3","2","6","0","0","0",".243",".299",".369",".668",".287","0.0","0.0","0.0","19977"
"Kelvin Gutierrez","Royals","7","28","26","7","1","0","1","3","3","2","7","0","1","0",".257",".311",".386",".697",".299","0.0","0.0","0.0","17468"
"Rafael Ortega","Braves","33","138","124","31","6","1","3","16","13","12","27","1","3","1",".251",".316",".385",".701",".301","0.0","0.0","0.0","10323"
"Kyle Lewis","Mariners","62","259","235","54","11","1","8","27","28","19","75","2","2","1",".232",".292",".388",".680",".289","-0.1","0.3","0.0","19508"
"Rangel Ravelo","Cardinals","5","22","20","5","1","0","1","2","2","2","4","0","0","0",".264",".325",".413",".738",".315","0.0","0.0","0.0","10839"
"Michael A. Taylor","Nationals","36","152","138","32","7","1","4","16","17","11","47","1","6","2",".235",".295",".389",".685",".290","0.1","0.7","0.0","11489"
"Alex Blandino","Reds","27","112","96","22","5","0","2","11","10","12","30","2","1","0",".225",".324",".355",".679",".298","-0.7","0.0","0.0","16271"
"Yonathan Daza","Rockies","7","30","28","8","2","0","1","3","3","1","5","0","1","0",".299",".335",".432",".767",".325","0.0","0.0","0.0","15794"
"Seth Beer","Diamondbacks","5","21","19","5","1","0","1","2","3","1","5","0","0","0",".260",".322",".446",".768",".322","0.0","0.0","0.0","sa3006658"
"Matt Reynolds","Royals","5","21","19","5","1","0","0","2","2","2","5","0","0","0",".243",".318",".378",".695",".300","0.0","0.0","0.0","13788"
"Edwin Rios","Dodgers","7","30","27","6","1","0","1","3","4","2","11","0","0","0",".226",".280",".428",".709",".296","0.0","0.0","0.0","18316"
"Tim Federowicz","Rangers","9","38","35","8","2","0","1","4","4","3","11","0","0","0",".226",".283",".366",".649",".277","-0.2","0.0","0.0","8609"
"Robel Garcia","Cubs","5","21","19","4","1","0","1","2","3","2","7","0","0","0",".222",".291",".435",".726",".305","0.0","0.0","0.0","13167"
"Luke Maile","Blue Jays","5","19","17","4","1","0","0","2","2","1","5","0","0","0",".207",".268",".330",".599",".259","0.0","0.0","0.0","13355"
"Scott Heineman","Rangers","23","98","88","23","4","0","2","11","10","8","24","1","2","1",".257",".322",".395",".716",".308","0.0","0.0","0.0","14453"
"Daniel Descalso","Cubs","22","93","80","17","4","0","2","10","9","11","25","1","1","0",".216",".317",".356",".673",".294","-0.3","0.1","0.0","8392"
"Tomas Telis","Twins","3","13","12","3","1","0","0","1","1","1","2","0","0","0",".272",".313",".385",".698",".297","0.0","0.0","0.0","10067"
"Isiah Kiner-Falefa","Rangers","16","68","61","16","3","0","1","7","6","5","12","1","1","0",".255",".319",".361",".680",".295","0.2","0.0","0.0","16512"
"Hanley Ramirez","","83","350","311","74","13","1","16","42","48","32","82","4","3","1",".239",".315",".438",".753",".317","-0.3","-1.5","0.0","8001"
"Cristian Pache","Braves","19","79","73","18","4","1","2","8","8","4","18","0","1","1",".253",".298",".390",".688",".292","0.0","0.0","0.0","sa916722"
"Alex Kirilloff","Twins","3","14","13","4","1","0","0","2","2","1","3","0","0","0",".276",".320",".431",".751",".317","0.0","0.0","0.0","sa917929"
"Nick Gordon","Twins","10","42","39","10","2","0","1","5","4","2","9","0","1","0",".255",".298",".366",".665",".285","0.0","0.0","0.0","sa828662"
"Austin Allen","Padres","5","19","18","4","1","0","1","2","2","1","5","0","0","0",".238",".291",".397",".688",".289","-0.1","0.0","0.0","18083"
"Taylor Ward","Angels","3","14","12","3","1","0","0","2","2","1","4","0","0","0",".241",".325",".404",".729",".313","0.0","0.0","0.0","17548"
"Nick Dini","Royals","5","19","18","4","1","0","1","2","2","1","4","0","0","0",".252",".304",".409",".714",".302","0.0","0.0","0.0","18206"
"C.J. Chatham","Red Sox","10","42","39","11","2","0","0","4","4","2","8","0","0","0",".273",".306",".371",".677",".289","0.0","0.0","0.0","sa873984"
"Phil Gosselin","Phillies","10","44","40","10","2","0","1","4","4","3","10","0","0","0",".251",".312",".369",".681",".293","-0.1","0.1","0.0","10953"
"Ramon Urias","Cardinals","3","14","13","3","1","0","0","1","1","1","3","0","0","0",".245",".310",".386",".695",".298","0.0","0.0","0.0","sa597169"
"Deivy Grullon","Phillies","3","13","12","3","0","0","1","1","2","1","4","0","0","0",".232",".286",".421",".708",".298","0.0","0.0","0.0","15988"
"Bobby Bradley","Indians","10","42","38","9","2","0","2","5","6","3","14","0","0","0",".230",".297",".463",".759",".315","-0.1","0.0","0.0","17278"
"Ke'Bryan Hayes","Pirates","3","14","13","3","1","0","0","1","1","1","3","0","0","0",".254",".313",".382",".695",".299","0.0","0.0","0.0","sa874730"
"Dominic Miroglio","Diamondbacks","3","13","12","3","1","0","0","1","1","1","2","0","0","0",".246",".298",".363",".662",".284","0.0","0.0","0.0","sa739013"
"Brian O'Keefe","Cardinals","3","13","11","3","1","0","0","1","1","1","3","0","0","0",".221",".289",".355",".644",".278","0.0","0.0","0.0","sa829152"
"Jacob Robson","Tigers","10","42","38","9","2","0","1","4","4","4","11","0","1","1",".250",".317",".381",".697",".300","0.0","0.0","0.0","sa658804"
"Jack Mayfield","Astros","3","14","13","3","1","0","0","2","2","1","3","0","0","0",".227",".274",".385",".659",".279","0.1","0.0","0.0","15402"
"Drew Waters","Braves","7","30","28","7","2","0","1","3","3","2","9","0","1","0",".255",".301",".394",".695",".295","0.0","0.1","0.0","sa3004378"
"Bobby Wilson","","12","51","47","9","2","0","1","5","5","3","14","0","0","0",".200",".258",".321",".579",".250","-0.1","-0.1","0.0","6564"
"Daz Cameron","Tigers","5","21","19","4","1","0","0","2","2","2","6","0","1","0",".226",".297",".369",".667",".287","0.0","0.0","0.0","sa874736"
"Chas McCormick","Astros","3","14","12","3","0","0","0","2","2","1","2","0","0","0",".243",".317",".379",".696",".300","0.0","0.0","0.0","sa3004174"
"Ian Rice","Cubs","3","13","11","2","0","0","0","1","1","1","3","0","0","0",".209",".297",".344",".641",".279","0.0","0.0","0.0","sa658968"
"Edmundo Sosa","Cardinals","7","28","26","7","1","0","1","3","3","1","6","0","0","0",".252",".291",".381",".672",".286","-0.1","0.0","0.0","17022"
"Phil Gosselin","Phillies","42","175","158","40","8","1","3","17","17","13","39","1","1","1",".251",".312",".369",".681",".293","-0.7","0.2","0.0","10953"
"Zach Green","Giants","3","14","13","3","1","0","1","1","2","1","5","0","0","0",".218",".284",".401",".685",".289","0.0","0.0","0.0","14973"
"Dustin Fowler","Athletics","5","21","20","5","1","0","1","2","2","1","5","0","0","0",".240",".281",".394",".674",".284","-0.1","0.0","0.0","17098"
"Troy Stokes Jr.","Tigers","7","28","25","6","1","0","1","3","3","2","7","0","1","0",".230",".306",".391",".697",".299","0.0","0.0","0.0","sa828871"
"Cedric Mullins II","Orioles","8","35","32","8","1","0","1","4","3","2","6","0","1","0",".239",".295",".377",".672",".287","-0.2","0.1","0.0","17929"
"Brian Serven","Rockies","3","13","12","3","1","0","0","1","1","1","3","0","0","0",".244",".299",".401",".700",".298","0.0","0.0","0.0","sa857231"
"Austin Wynns","Orioles","6","26","23","6","1","0","1","3","2","2","5","0","0","0",".240",".300",".358",".658",".284","0.0","0.0","0.0","15271"
"Tzu-Wei Lin","Red Sox","10","42","38","9","2","0","0","5","4","3","10","0","1","0",".244",".303",".354",".657",".284","-0.1","0.0","0.0","14678"
"Tyler Wade","Yankees","63","266","240","57","11","2","4","29","26","20","65","2","8","3",".237",".301",".350",".651",".282","-1.7","0.6","0.0","15730"
"Rusney Castillo","Red Sox","5","21","20","5","1","0","0","2","2","1","4","0","0","0",".279",".316",".411",".727",".309","-0.1","0.0","0.0","17016"
"Mike Freeman","Indians","78","329","295","71","13","1","5","33","30","27","87","3","4","2",".241",".309",".341",".649",".283","-0.5","0.4","0.0","11241"
"Tim Lopes","Mariners","5","21","19","5","1","0","0","2","2","2","4","0","1","0",".249",".307",".360",".668",".289","0.0","0.0","0.0","14137"
"Eli White","Rangers","3","14","13","3","1","0","0","1","1","1","4","0","0","0",".237",".300",".355",".655",".283","0.0","0.0","0.0","sa738478"
"Abiatal Avelino","Giants","3","14","13","3","1","0","0","1","1","1","3","0","0","0",".243",".280",".361",".641",".272","0.0","0.0","0.0","15496"
"Sergio Alcantara","Tigers","5","21","19","5","1","0","0","2","2","2","4","0","0","0",".239",".302",".312",".614",".271","0.0","0.0","0.0","sa739641"
"Braden Bishop","Mariners","5","21","19","4","1","0","0","2","2","2","5","0","0","0",".231",".293",".336",".630",".274","0.0","0.0","0.0","17806"
"Austin Bossart","Mets","3","13","12","2","0","0","0","1","1","1","3","0","0","0",".208",".272",".323",".595",".259","0.0","0.0","0.0","sa875667"
"Matt Wieters","","46","192","172","40","7","0","7","20","23","16","43","2","1","1",".232",".299",".403",".702",".297","1.0","-0.6","0.0","4298"
"Brian O'Grady","Reds","12","49","43","10","2","0","2","5","6","4","15","0","1","0",".221",".297",".415",".712",".301","0.3","0.0","0.0","16729"
"Lonnie Chisenhall","","22","91","82","20","5","0","2","9","10","7","21","1","1","0",".244",".306",".399",".705",".300","-0.3","0.2","0.0","7571"
"Corey Ray","","0","0","0","0","0","0","0","0","0","0","0","0","0","0",".000",".000",".000",".000",".000","0.0","0.0","0.0","sa829315"
"Chad De La Guerra","Red Sox","0","0","0","0","0","0","0","0","0","0","0","0","0","0",".000",".000",".000",".000",".000","0.0","0.0","0.0","sa875729"
"Scott Schebler","Reds","0","0","0","0","0","0","0","0","0","0","0","0","0","0",".000",".000",".000",".000",".000","0.0","0.0","0.0","12225"
"Ronnie Dawson","Astros","0","0","0","0","0","0","0","0","0","0","0","0","0","0",".000",".000",".000",".000",".000","0.0","0.0","0.0","sa873674"
"Jorge Mateo","Athletics","0","0","0","0","0","0","0","0","0","0","0","0","0","0",".000",".000",".000",".000",".000","0.0","0.0","0.0","sa657910"
"Kyle Garlick","Dodgers","0","0","0","0","0","0","0","0","0","0","0","0","0","0",".000",".000",".000",".000",".000","0.0","0.0","0.0","18063"
"Dairon Blanco","Royals","0","0","0","0","0","0","0","0","0","0","0","0","0","0",".000",".000",".000",".000",".000","0.0","0.0","0.0","sa3005386"
"Trey Amburgey","Yankees","0","0","0","0","0","0","0","0","0","0","0","0","0","0",".000",".000",".000",".000",".000","0.0","0.0","0.0","sa875629"
"Justin Williams","Cardinals","0","0","0","0","0","0","0","0","0","0","0","0","0","0",".000",".000",".000",".000",".000","0.0","0.0","0.0","15490"
"Mitchell Tolman","Pirates","0","0","0","0","0","0","0","0","0","0","0","0","0","0",".000",".000",".000",".000",".000","0.0","0.0","0.0","sa858829"
"Jose Siri","Reds","0","0","0","0","0","0","0","0","0","0","0","0","0","0",".000",".000",".000",".000",".000","0.0","0.0","0.0","sa736940"
"DJ Peters","Dodgers","0","0","0","0","0","0","0","0","0","0","0","0","0","0",".000",".000",".000",".000",".000","0.0","0.0","0.0","sa829712"
"Luis Torrens","Padres","0","0","0","0","0","0","0","0","0","0","0","0","0","0",".000",".000",".000",".000",".000","0.0","0.0","0.0","15905"
"Esteban Quiroz","Padres","0","0","0","0","0","0","0","0","0","0","0","0","0","0",".000",".000",".000",".000",".000","0.0","0.0","0.0","sa596560"
"Jarren Duran","Red Sox","0","0","0","0","0","0","0","0","0","0","0","0","0","0",".000",".000",".000",".000",".000","0.0","0.0","0.0","sa3006786"
"Robbie Grossman","Athletics","0","0","0","0","0","0","0","0","0","0","0","0","0","0",".000",".000",".000",".000",".000","0.0","0.0","0.0","5254"
"Jared Oliva","Pirates","0","0","0","0","0","0","0","0","0","0","0","0","0","0",".000",".000",".000",".000",".000","0.0","0.0","0.0","sa915844"
"Jason Vosler","Padres","0","0","0","0","0","0","0","0","0","0","0","0","0","0",".000",".000",".000",".000",".000","0.0","0.0","0.0","sa829190"
"Forrest Wall","Blue Jays","0","0","0","0","0","0","0","0","0","0","0","0","0","0",".000",".000",".000",".000",".000","0.0","0.0","0.0","sa828682"
"Adolis Garcia","Cardinals","0","0","0","0","0","0","0","0","0","0","0","0","0","0",".000",".000",".000",".000",".000","0.0","0.0","0.0","19287"
"Drew Weeks","Rockies","0","0","0","0","0","0","0","0","0","0","0","0","0","0",".000",".000",".000",".000",".000","0.0","0.0","0.0","sa602429"
"Pablo Sandoval","","0","0","0","0","0","0","0","0","0","0","0","0","0","0",".000",".000",".000",".000",".000","0.0","0.0","0.0","5409"
"Mickey Moniak","Phillies","0","0","0","0","0","0","0","0","0","0","0","0","0","0",".000",".000",".000",".000",".000","0.0","0.0","0.0","sa917920"
"Andy Young","Diamondbacks","0","0","0","0","0","0","0","0","0","0","0","0","0","0",".000",".000",".000",".000",".000","0.0","0.0","0.0","sa919031"
"Dylan Carlson","Cardinals","0","0","0","0","0","0","0","0","0","0","0","0","0","0",".000",".000",".000",".000",".000","0.0","0.0","0.0","sa917940"
"Rylan Bannon","Orioles","0","0","0","0","0","0","0","0","0","0","0","0","0","0",".000",".000",".000",".000",".000","0.0","0.0","0.0","sa3004162"
"TJ Friedl","Reds","0","0","0","0","0","0","0","0","0","0","0","0","0","0",".000",".000",".000",".000",".000","0.0","0.0","0.0","sa943754"
"Edward Olivares","Padres","0","0","0","0","0","0","0","0","0","0","0","0","0","0",".000",".000",".000",".000",".000","0.0","0.0","0.0","sa832015"
"Santiago Espinal","Blue Jays","0","0","0","0","0","0","0","0","0","0","0","0","0","0",".000",".000",".000",".000",".000","0.0","0.0","0.0","sa918188"
"Andrew Velazquez","Indians","27","112","103","25","5","1","3","12","12","6","30","1","3","1",".242",".289",".376",".665",".284","-0.2","0.2","0.0","14196"
"Yu-Cheng Chang","Indians","15","63","57","13","3","0","2","7","7","5","16","1","1","0",".228",".295",".381",".676",".289","-0.4","0.0","0.0","14773"
"Vince Fernandez","Rockies","3","14","12","3","1","0","1","2","2","1","4","0","0","0",".247",".318",".451",".769",".322","0.0","0.0","0.0","sa873990"
"Austin Rei","Red Sox","3","13","11","2","1","0","0","1","1","1","4","0","0","0",".209",".279",".324",".603",".263","0.0","0.0","0.0","sa659079"
"Ben DeLuzio","Diamondbacks","3","14","13","3","1","0","0","1","1","1","4","0","1","0",".246",".304",".353",".657",".283","0.0","0.0","0.0","sa737626"
"Pat Valaika","Orioles","8","35","32","7","2","0","1","4","4","2","10","0","0","0",".226",".270",".391",".661",".279","0.0","0.0","0.0","14885"
"Humberto Arteaga","Royals","7","28","26","7","1","0","0","3","2","1","5","0","0","0",".257",".292",".340",".632",".273","0.1","0.0","0.0","13595"
"Eric Haase","Indians","8","32","29","6","1","0","1","4","4","2","12","0","0","0",".199",".263",".392",".655",".276","0.0","0.0","0.0","14111"
"C.J. Hinojosa","Brewers","7","28","26","6","1","0","0","3","3","2","4","0","0","0",".245",".300",".351",".650",".280","0.0","0.0","0.0","sa658616"
"Chris Shaw","Giants","7","28","26","6","1","0","1","3","3","2","8","0","0","0",".238",".292",".410",".702",".296","-0.1","0.0","0.0","17738"
"J.T. Riddle","Marlins","43","179","166","40","8","1","4","16","18","10","39","1","2","1",".239",".283",".374",".657",".278","0.0","-0.1","0.0","17642"
"Ben Ruta","Yankees","3","14","13","3","1","0","0","2","1","1","3","0","0","0",".243",".296",".369",".665",".285","0.0","0.0","0.0","sa918694"
"Erick Mejia","Royals","13","56","51","12","2","0","1","5","5","4","11","0","2","1",".243",".297",".339",".637",".276","-0.1","0.0","0.0","15817"
"Skye Bolt","Athletics","3","14","13","3","1","0","0","1","1","1","4","0","0","0",".215",".279",".346",".625",".269","-0.1","0.0","0.0","17723"
"Joe McCarthy","Giants","3","14","12","3","1","0","0","1","1","1","4","0","0","0",".216",".304",".343",".648",".283","0.0","0.0","0.0","sa858039"
"Cory Spangenberg","Brewers","47","196","179","42","8","1","4","20","20","13","62","2","5","2",".236",".293",".369",".662",".283","-1.3","0.8","0.0","12294"
"Nick Williams","Phillies","5","21","19","5","1","0","1","2","3","1","6","0","0","0",".242",".297",".429",".726",".305","-0.2","0.0","0.0","14330"
"Christian Kelley","Pirates","3","13","12","2","0","0","0","1","1","1","3","0","0","0",".206",".265",".306",".571",".249","0.0","0.0","0.0","sa875583"
"Richard Urena","Blue Jays","27","112","104","25","6","1","2","11","11","5","26","1","1","0",".240",".279",".356",".635",".270","0.0","0.0","0.0","16411"
"Donnie Dewees","Cubs","3","14","13","3","1","0","0","1","1","1","3","0","0","0",".239",".296",".374",".670",".287","0.0","0.0","0.0","sa858802"
"Jesus Sanchez","Marlins","5","21","19","5","1","0","1","2","2","1","5","0","0","0",".242",".292",".375",".666",".284","0.0","0.0","0.0","sa872787"
"Nick Heath","Royals","3","14","13","3","0","0","0","1","1","1","4","0","1","0",".228",".296",".339",".635",".276","0.0","0.0","0.0","sa918355"
"Carlos Gomez","","38","161","144","33","7","1","5","17","18","10","45","5","4","2",".231",".302",".397",".699",".299","-0.7","0.0","0.0","4881"
"Melky Cabrera","","83","350","323","89","19","1","9","39","41","21","46","2","2","1",".276",".322",".425",".747",".316","-2.7","-1.5","0.0","4022"
"Andrew Knapp","Phillies","24","102","89","19","4","0","2","10","10","11","32","1","1","0",".214",".306",".341",".647",".281","-0.8","0.1","0.0","14942"
"Martin Prado","","33","140","129","34","7","0","2","15","13","8","24","1","1","0",".261",".308",".373",".682",".293","1.0","-0.5","0.0","3312"
"Ryan Flaherty","","25","105","93","21","4","0","3","11","11","10","28","1","1","0",".228",".304",".364",".668",".286","-0.7","0.0","0.0","7888"
"Sean Rodriguez","","38","161","141","30","6","1","5","17","17","16","53","2","2","1",".211",".299",".376",".675",".291","-0.9","-0.2","0.0","6589"
"Kevin Kramer","Pirates","21","87","79","19","4","0","2","8","9","6","24","1","1","1",".238",".298",".361",".659",".284","-0.1","0.2","0.0","17689"
"Curtis Granderson","","22","91","79","17","4","0","3","11","9","10","25","1","1","0",".216",".310",".392",".702",".301","-0.5","-0.2","0.0","4747"
"Jorge Bonifacio","Royals","27","112","101","24","5","1","3","12","12","9","31","1","1","0",".233",".298",".395",".693",".295","-0.3","0.1","0.0","12174"
"Meibrys Viloria","Royals","12","51","47","11","2","0","1","5","5","3","12","0","0","0",".240",".297",".349",".646",".280","0.2","0.0","0.0","17109"
"Kyle Farmer","Reds","30","124","113","27","6","0","3","12","13","7","29","1","1","1",".236",".289",".372",".661",".282","-0.1","0.1","0.0","14813"
"Michael Lorenzen","Reds","10","42","38","8","2","0","1","4","4","3","12","0","0","0",".218",".285",".358",".643",".276","0.0","0.0","0.0","14843"
"Steve Pearce","","50","210","186","44","9","1","7","24","25","18","52","3","1","0",".236",".314",".409",".723",".308","-1.1","-0.3","0.0","9957"
"Brian Miller","Marlins","8","35","32","8","1","0","0","3","3","2","6","0","1","1",".254",".300",".344",".644",".278","0.0","0.0","0.0","sa915826"
"Sam Haggerty","Mets","10","43","38","8","2","0","1","4","4","4","12","0","2","1",".210",".293",".318",".611",".268","0.0","0.1","-0.1","18054"
"Michael Hermosillo","Angels","28","119","106","23","4","1","3","13","12","9","38","2","3","1",".215",".287",".358",".645",".278","0.5","0.1","-0.1","16285"
"Caleb Joseph","Diamondbacks","47","198","184","40","9","1","4","18","20","10","54","2","1","0",".218",".263",".346",".610",".260","0.6","-0.2","-0.1","7087"
"Albert Pujols","Angels","83","350","320","80","13","0","15","42","49","24","51","2","1","1",".251",".306",".430",".736",".310","-0.9","-2.5","-0.1","1177"
"Luis Alexander Basabe","White Sox","13","56","50","11","2","0","1","6","5","5","16","0","1","1",".218",".286",".338",".625",".271","0.0","0.0","-0.1","sa736915"
"Drew Robinson","","10","42","37","7","2","0","1","4","4","4","15","0","1","0",".205",".293",".336",".630",".274","-0.1","0.0","-0.1","11761"
"Richie Martin Jr.","Orioles","87","364","332","78","14","3","7","37","34","22","81","5","10","4",".234",".289",".354",".643",".276","-2.0","-0.2","-0.1","17736"
"Lucas Duda","","50","210","186","42","9","0","10","25","29","19","63","3","1","0",".224",".304",".439",".743",".311","-0.3","-0.7","-0.1","2502"
"Welington Castillo","","73","307","282","67","13","0","13","33","40","19","84","3","1","0",".238",".290",".420",".710",".299","0.4","-1.5","-0.1","3256"
"Anthony Alford","Blue Jays","27","112","101","23","5","0","2","12","10","8","33","2","4","2",".224",".290",".349",".639",".276","-0.2","0.2","-0.1","14329"
"Arquimedes Gamboa","Phillies","7","28","25","5","1","0","0","2","2","3","8","0","1","0",".192",".272",".277",".549",".245","0.0","0.0","-0.1","sa877497"
"Matt Kemp","","17","70","65","16","3","0","3","8","10","4","18","0","0","0",".252",".299",".440",".738",".309","-1.3","-0.3","-0.1","5631"
"Rajai Davis","","13","56","52","12","2","0","1","6","5","3","14","1","2","1",".237",".282",".356",".639",".274","-0.4","0.1","-0.1","3708"
"Tyler Saladino","Brewers","65","271","243","53","10","1","8","28","28","22","73","2","5","2",".220",".290",".365",".655",".282","-0.2","0.4","-0.1","10807"
"Travis Jankowski","Reds","36","152","134","32","5","1","2","16","11","15","34","1","5","2",".238",".317",".322",".639",".283","-0.1","0.6","-0.1","13768"
"Andrew Knizner","Cardinals","43","179","163","43","8","0","5","19","20","11","30","2","1","1",".263",".317",".410",".728",".309","0.5","0.0","-0.1","19514"
"Greg Allen","Indians","78","329","295","73","14","2","5","36","32","21","72","8","12","5",".246",".310",".361",".672",".290","0.8","0.5","-0.1","16623"
"Elias Diaz","Pirates","85","358","328","88","18","1","7","35","38","23","63","3","1","1",".268",".319",".390",".709",".304","-1.6","-0.4","-0.1","11680"
"Sam Travis","Red Sox","67","280","253","65","12","1","8","33","33","22","67","2","3","1",".257",".319",".404",".723",".308","-0.5","-0.4","-0.1","16263"
"Gerardo Parra","","58","245","240","60","13","1","7","27","29","16","51","3","5","2",".250",".303",".391",".694",".294","0.4","-0.6","-0.1","8553"
"Mark Trumbo","","83","350","319","76","14","1","17","41","50","26","93","2","1","0",".238",".296",".443",".739",".310","-0.2","-0.8","-0.1","6876"
"Andrew Stevenson","Nationals","33","139","127","32","5","1","2","13","13","9","37","1","3","1",".250",".305",".350",".654",".283","0.0","0.2","-0.1","17932"
"Danny Santana","Rangers","140","588","543","135","27","5","20","70","72","32","163","5","19","8",".248",".294",".428",".722",".302","-1.9","1.6","-0.1","10322"
"Lucas Erceg","Brewers","32","135","123","28","5","0","4","14","15","9","33","1","1","0",".225",".281",".381",".662",".281","0.0","0.1","-0.1","sa872722"
"Charlie Culberson","Braves","34","143","132","31","6","1","3","14","15","8","37","1","1","1",".238",".285",".377",".662",".280","-0.1","0.1","-0.1","3298"
"Austin Jackson","","22","91","82","20","4","0","1","9","8","7","27","1","1","0",".239",".303",".352",".655",".283","-1.3","0.0","-0.1","9848"
"Monte Harrison","Marlins","67","280","254","57","10","2","8","27","28","19","89","4","9","4",".225",".285",".372",".657",".281","0.0","0.4","-0.1","sa828691"
"Harold Castro","Tigers","93","392","371","98","14","3","6","37","36","13","81","2","5","3",".263",".290",".362",".652",".278","-1.6","0.2","-0.1","14691"
"Steve Wilkerson","Orioles","40","168","153","36","7","1","4","17","16","10","44","2","2","1",".235",".290",".357",".647",".279","-1.1","0.0","-0.2","16041"
"Tyrone Taylor","Brewers","24","102","94","21","4","0","3","10","11","6","24","1","1","0",".225",".275",".370",".644",".275","0.0","0.1","-0.2","13675"
"Franchy Cordero","Padres","105","441","402","90","17","3","13","45","47","31","149","4","8","4",".224",".284",".382",".666",".283","-2.5","1.0","-0.2","14567"
"Drew Butera","","34","141","126","28","6","0","3","14","14","11","36","1","1","0",".221",".290",".352",".642",".276","-0.3","-0.2","-0.2","3411"
"Ian Sagdal","Nationals","44","184","169","44","9","1","3","18","18","11","38","1","1","0",".258",".306",".375",".682",".292","0.0","0.1","-0.2","sa875695"
"Brandon Dixon","Tigers","87","364","336","80","17","2","11","39","41","20","110","3","5","2",".240",".287",".406",".693",".292","-0.3","0.3","-0.2","15214"
"Raimel Tapia","Rockies","76","319","296","82","17","3","6","36","35","17","68","2","8","3",".277",".317",".418",".734",".311","-1.9","0.6","-0.2","14350"
"Keon Broxton","","48","203","179","35","7","1","6","20","20","19","81","2","8","3",".195",".277",".335",".612",".266","0.6","0.4","-0.2","9253"
"Magneuris Sierra","Marlins","88","370","345","88","13","4","4","30","32","17","69","2","15","7",".254",".291",".349",".640",".274","-0.9","0.8","-0.3","17023"
"Sam Hilliard","Rockies","105","441","400","99","18","4","17","52","55","32","134","3","13","6",".248",".306",".435",".742",".312","-4.2","0.1","-0.3","17954"
"Josh Fuentes","Rockies","36","150","140","37","8","1","4","16","18","6","39","1","1","1",".260",".296",".419",".714",".300","0.1","0.1","-0.3","16885"
"Adrian Sanchez","Nationals","64","270","251","65","14","1","4","25","26","13","50","2","6","3",".260",".299",".365",".664",".283","0.5","0.4","-0.3","11338"
"Peter Bourjos","","38","161","149","34","7","2","4","16","16","8","43","1","2","1",".228",".273",".369",".643",".273","0.1","0.2","-0.3","2578"
"Nick Hundley","","38","160","147","32","7","1","5","16","18","9","47","1","1","1",".219",".269",".375",".644",".272","-0.7","-0.6","-0.4","3376"
"Juan Centeno","","27","115","105","24","5","0","2","10","10","7","22","1","1","0",".232",".287",".332",".619",".268","-0.9","-0.1","-0.4","7168"
"Chris Owings","","63","266","244","54","12","1","6","26","26","16","77","2","7","2",".222",".274",".352",".626",".268","-1.3","0.4","-0.4","10030"
"Erik Gonzalez","Pirates","77","325","302","73","14","2","6","31","31","15","88","3","6","2",".243",".283",".360",".643",".272","-1.1","0.2","-0.4","13369"
"Mark Reynolds","","55","231","202","43","8","0","9","25","27","24","76","2","1","1",".213",".300",".388",".688",".295","-0.3","-1.0","-0.4","7619"
"Jeff Mathis","Rangers","62","262","238","48","11","1","4","23","22","18","84","2","1","1",".202",".262",".302",".564",".245","0.2","-0.7","-0.4","3448"
"Jon Jay","","83","350","317","82","15","2","3","37","27","21","65","7","3","1",".258",".315",".345",".660",".288","-1.9","0.0","-0.4","5227"
"Chris Davis","Orioles","58","245","215","42","7","0","11","27","29","25","94","2","1","0",".196",".286",".385",".671",".286","-0.4","-0.1","-0.4","9272"
"Jacob Nottingham","Brewers","44","186","168","35","8","0","5","17","18","13","58","3","2","1",".208",".274",".343",".618",".266","0.0","0.2","-0.5","16448"
"Bubba Starling","Royals","130","546","503","119","25","2","11","54","53","31","137","4","8","3",".237",".285",".363",".648",".277","0.8","0.5","-0.5","13356"
"Lewis Brinson","Marlins","132","553","503","109","22","4","15","50","54","34","165","8","9","4",".217",".276",".363",".639",".272","0.4","0.2","-0.6","14352"
"Jake Noll","Nationals","130","546","509","129","23","1","12","52","56","25","114","5","5","2",".254",".293",".374",".667",".285","0.9","0.3","-1.1","19703"
