Name,"ottoneu ID","FG MajorLeagueID","FG MinorLeagueID","MLB Org",Position(s),"Avg Salary","Min Salary","Max Salary",Own%
"Tim Tebow",23708,,sa323152,"NYM (AAA)",OF,$142.00,$2,$701,1.761
"Mike Trout",6305,10155,sa500736,LAA,OF,$79.02,$52,$117,96.127
"Bryce Harper",14982,11579,sa548033,PHI,OF,$58.28,$36,$81,92.254
"Mookie Betts",18276,13611,sa597889,BOS,OF,$54.85,$31,$86,97.887
"Max Scherzer",4514,3137,sa326473,WSN,SP,$54.29,$31,$82,98.239
"Nolan Arenado",12379,9777,sa500816,COL,3B,$52.50,$30,$76,98.239
"Paul Goldschmidt",4374,9218,sa501577,STL,1B,$50.48,$23,$70,90.845
"Giancarlo Stanton",5201,4949,sa390316,NYY,OF,$49.42,$25,$76,91.197
"Manny Machado",14934,11493,sa548155,SDP,SS/3B,$47.94,$23,$77,92.606
"Chris Sale",14393,10603,sa392121,BOS,SP,$47.69,$25,$81,95.775
"Kris Bryant",18256,15429,sa549381,CHC,3B/OF,$47.53,$27,$71,95.07
"Jose Altuve",5918,5417,sa455591,HOU,2B,$46.80,$30,$67,96.127
"Christian Yelich",14893,11477,sa548190,MIL,OF,$46.24,$19,$69,98.944
"Freddie Freeman",5680,5361,sa390291,ATL,1B,$44.88,$14,$64,98.592
"Jacob DeGrom",14294,10954,sa548447,NYM,SP,$44.25,$16,$73,98.944
"Anthony Rizzo",4559,3473,sa390610,CHC,1B,$43.26,$22,$69,95.775
"Francisco Lindor",18122,12916,sa597754,CLE,SS,$43.21,$16,$67,97.887
"J.D. Martinez",5903,6184,sa502044,BOS,OF,$42.18,$16,$65,96.831
"Aaron Judge",18312,15640,sa549847,NYY,OF,$41.54,$18,$75,97.183
"Alex Bregman",18480,17678,sa659419,HOU,SS/3B,$40.97,$16,$64,98.592
"Carlos Correa",18160,14162,sa657850,HOU,SS,$39.18,$19,$62,95.775
"Gerrit Cole",18116,13125,sa454389,FA,SP,$38.80,$14,$60,98.592
"Noah Syndergaard",14402,11762,sa548169,NYM,SP,$38.46,$13,$68,94.718
"Stephen Strasburg",5219,10131,sa500543,FA,SP,$37.72,$16,$55,98.944
"Charles Blackmon",8259,7859,sa454446,COL,OF,$37.65,$19,$60,98.592
"Jose Ramirez",18284,13510,sa598784,CLE,3B,$36.68,$9,$69,96.127
"Ronald Acuna",23327,18401,sa877503,ATL,OF,$36.62,$6,$70,98.944
"Corey Kluber",6965,2429,sa390385,CLE,SP,$36.43,$15,$80,91.549
"Trea Turner",18368,16252,sa599179,WSN,SS,$36.32,$9,$71,97.183
"Cody Bellinger",19328,15998,sa737794,LAD,1B/OF,$36.26,$8,$63,98.944
"Clayton Kershaw",2925,2036,sa326468,LAD,SP,$35.90,$18,$83,94.014
"Anthony Rendon",18120,12861,sa455515,FA,3B,$35.31,$13,$52,98.944
"George Springer",18124,12856,sa526414,HOU,OF,$34.60,$10,$55,97.887
"Justin Verlander",15261,8700,sa277705,HOU,SP,$33.32,$14,$57,98.239
"Xander Bogaerts",13117,12161,sa550735,BOS,SS,$31.08,$16,$47,98.592
"Corey Seager",18216,13624,sa657913,LAD,SS,$30.90,$12,$51,94.014
"Juan Soto",23717,20123,sa906282,WSN,OF,$30.84,$5,$65,98.944
"Joey Votto",1107,4314,sa201517,CIN,1B,$29.63,$3,$59,75.352
"Shohei Ohtani",33600,19755,,LAA,Util/SP,$29.40,$7,$68,97.887
"Aaron Nola",18357,16149,sa599230,PHI,SP,$28.29,$9,$56,97.535
"Trevor Story",18153,12564,sa597765,COL,SS,$28.20,$9,$55,98.592
"Andrew Benintendi",18491,17901,sa738659,BOS,OF,$28.00,$9,$58,94.014
"Josh Donaldson",5418,5038,sa389798,FA,3B,$26.56,$7,$56,97.887
"Zack Greinke",15274,1943,sa202781,HOU,SP,$25.97,$13,$40,96.479
"Luis Severino",18355,15890,sa657781,NYY,RP,$25.89,$9,$53,97.183
"Javier Baez",18123,12979,sa597757,CHC,SS,$25.45,$8,$68,98.592
"Gary Sanchez",14078,11442,sa549555,NYY,C,$25.09,$8,$43,97.535
"Jose Abreu",18286,15676,,CHW,1B,$25.04,$10,$48,93.662
"Rhys Hoskins",20350,16472,sa827179,PHI,1B,$24.85,$7,$49,96.479
"Blake Snell",18460,13543,sa597786,TBR,SP,$24.70,$9,$55,97.535
"Carlos Carrasco",1735,6632,sa254892,CLE,SP/RP,$24.43,$9,$42,92.254
"Aroldis Chapman",5644,10233,sa523977,NYY,RP,$24.18,$10,$46,96.831
"Walker Buehler",18504,19374,sa658292,LAD,SP,$23.94,$7,$56,98.944
"Madison Bumgarner",5671,5524,sa388396,FA,SP,$23.79,$6,$55,94.718
"Nelson Cruz",4511,2434,sa201363,MIN,Util,$23.65,$7,$51,97.535
"Kenley Jansen",2916,3096,sa295200,LAD,RP,$22.98,$6,$48,91.549
"Marcell Ozuna",6130,10324,sa503013,FA,OF,$22.75,$10,$44,96.831
"Khristopher Davis",6246,9112,sa328428,OAK,Util,$22.68,$9,$42,84.507
"Matt Carpenter",4672,8090,sa501744,STL,3B,$22.53,$5,$45,65.845
"Starling Marte",5025,9241,sa503030,PIT,OF,$22.53,$7,$44,98.592
"Daniel Murphy",17636,4316,sa327744,COL,1B,$22.36,$3,$39,70.07
"Vladimir Guerrero Jr.",18549,19611,sa920245,TOR,3B,$21.71,$5,$54,97.535
"James Paxton",18110,11828,sa500770,NYY,SP,$21.40,$9,$36,97.183
"David Price",7968,3184,sa388363,BOS,SP,$20.62,$4,$40,83.803
"Rafael Devers",18344,17350,sa828312,BOS,3B,$20.62,$7,$40,98.592
"Trevor Bauer",18112,12703,sa597749,CIN,SP,$20.28,$7,$51,96.831
"Justin Turner",3013,5235,sa326827,LAD,3B,$20.03,$8,$41,96.831
"Adrian Beltre",15217,639,sa8183,FA,Util,$20.00,$20,$20,0.352
"Craig Kimbrel",5677,6655,sa454499,CHC,RP,$19.84,$5,$46,84.155
"Gleyber Torres",18487,16997,sa830372,NYY,2B/SS,$19.35,$6,$46,98.592
"Yasiel Puig",18181,14225,sa659910,FA,OF,$18.84,$7,$35,94.014
"Ozhaino Albies",18397,16556,sa830219,ATL,2B,$18.75,$6,$40,98.944
"Justin Upton",2269,5222,sa317008,LAA,OF,$18.62,$6,$37,73.592
"Eugenio Suarez",9668,12552,sa505033,CIN,3B,$17.70,$5,$39,98.944
"Jacob Realmuto",14864,11739,sa548255,PHI,C,$17.70,$8,$43,98.239
"Yoan Moncada",18425,17232,sa864590,CHW,3B,$17.68,$5,$37,98.592
"Patrick Corbin",8520,9323,sa500846,WSN,SP,$17.67,$5,$41,98.944
"Nick Castellanos",14914,11737,sa548164,FA,OF,$17.53,$6,$35,98.944
"Michael Conforto",18365,16376,sa709038,NYM,OF,$17.46,$7,$39,98.592
"Kyle Schwarber",18347,16478,sa709545,CHC,OF,$17.17,$5,$34,96.127
"Joey Gallo",18188,14128,sa657856,TEX,OF,$17.15,$5,$42,97.887
"Buster Posey",5663,9166,sa454353,SFG,C,$16.86,$3,$44,53.169
"Yu Darvish",15556,13074,sa379610,CHC,SP,$16.86,$4,$51,96.479
"Edwin Diaz",23601,14710,sa657938,NYM,RP,$16.78,$6,$39,90.845
"Jose Berrios",18201,14168,sa657852,MIN,SP,$16.72,$7,$41,98.239
"Robbie Ray",14941,11486,sa549085,ARI,SP,$16.70,$5,$34,95.423
"Carlos Santana",2933,2396,sa295203,CLE,1B,$16.40,$3,$33,98.592
"Jean Segura",6307,5933,sa455922,PHI,SS,$16.16,$5,$32,90.845
"Joaquin Benoit",5684,1437,sa19888,FA,RP,$16.00,$16,$16,0.352
"Lorenzo Cain",1692,9077,sa285710,MIL,OF,$15.95,$5,$33,80.986
"Pete Alonso",23859,19251,sa873981,NYM,1B,$15.91,$4,$35,98.592
"Whit Merrifield",14694,11281,sa526882,KCR,2B/OF,$15.86,$6,$48,98.239
"Willson Contreras",12398,11609,sa508176,CHC,C,$15.85,$9,$38,98.592
"Andrew McCutchen",3435,9847,sa290131,PHI,OF,$15.68,$4,$39,87.324
"Mike Clevinger",23576,12808,sa597956,CLE,SP,$15.59,$5,$37,98.592
"A.J. Pollock",12258,9256,sa500728,LAD,OF,$15.58,$3,$32,89.437
"Jack Flaherty",20920,17479,sa828681,STL,SP,$15.40,$5,$38,98.944
"Christopher Archer",4959,6345,sa326752,PIT,SP,$15.18,$4,$37,59.155
"Philip Hughes",685,7450,sa254323,FA,RP,$15.00,$15,$15,0.352
"Roberto Osuna",18197,13764,sa594306,HOU,RP,$14.92,$3,$29,96.127
"Matt Chapman",18378,16505,sa828672,OAK,3B,$14.62,$5,$32,98.239
"Matt Olson",18386,14344,sa657863,OAK,1B,$14.61,$7,$32,98.592
"Fernando Tatis Jr.",23682,19709,sa919910,SDP,SS,$14.60,$5,$34,98.592
"Jameson Taillon",14906,11674,sa548151,PIT,SP,$14.56,$7,$38,68.31
"Masahiro Tanaka",18294,15764,sa491207,NYY,SP,$14.53,$3,$36,86.972
"Thomas Pham",4322,2967,sa327986,TBR,OF,$14.53,$5,$39,97.887
"Kyle Hendricks",18334,12049,sa577809,CHC,SP,$14.28,$3,$31,96.127
"Adam Eaton",13936,11205,sa549405,WSN,OF,$14.27,$3,$25,94.366
"Carlos Martinez",12896,11682,sa547784,STL,RP,$14.26,$3,$37,96.831
"Nomar Mazara",18387,14553,sa659453,TEX,OF,$14.25,$4,$26,88.732
"Michael Brantley",2803,4106,sa290204,HOU,OF,$14.12,$5,$30,98.592
"William Myers",8563,10047,sa501214,SDP,1B/OF,$13.89,$3,$33,60.211
"Luis Castillo",23732,15689,sa657487,CIN,SP,$13.86,$5,$36,98.944
"Eloy Jimenez",21751,17484,sa830373,CHW,OF,$13.80,$5,$43,98.592
"Mitchell Haniger",18356,14274,sa502733,SEA,OF,$13.72,$5,$31,96.127
"Edwin Encarnacion",4069,2151,sa199220,FA,1B,$13.57,$3,$40,91.549
"Dallas Keuchel",4782,9434,sa501517,FA,SP,$13.49,$5,$35,91.549
"Mike Moustakas",7624,4892,sa388370,FA,2B/3B,$13.29,$3,$28,97.887
"Shane Bieber",23814,19427,sa873698,CLE,SP,$13.24,$5,$35,98.592
"Josh Hader",18391,14212,sa658473,MIL,RP,$13.01,$6,$29,98.592
"Victor Robles",18516,18363,sa828409,WSN,OF,$12.94,$6,$31,98.239
"Raisel Iglesias",18422,17130,sa830702,CIN,RP,$12.93,$4,$25,95.423
"Max Muncy",18255,13301,sa503373,LAD,1B/2B/3B,$12.82,$5,$34,98.592
"Ketel Marte",18466,13613,sa597026,ARI,2B/SS/OF,$12.65,$3,$32,98.592
"Charlie Morton",1427,4676,sa202429,TBR,SP,$12.64,$7,$28,97.887
"Yasmani Grandal",14882,11368,sa392198,FA,C/1B,$12.62,$5,$29,98.239
"Wade Davis",2226,7441,sa254328,COL,RP,$12.53,$3,$24,44.718
"Kenneth Giles",18220,12910,sa503563,TOR,RP,$12.50,$3,$27,97.887
"Yusei Kikuchi",33656,20633,,SEA,SP,$12.39,$5,$25,29.577
"David Dahl",18165,13744,sa657861,COL,OF,$12.28,$5,$31,98.944
"Yordan Alvarez",23795,19556,sa943524,HOU,OF,$11.99,$3,$29,97.887
"Felipe Vazquez",9643,12076,sa505018,PIT,RP,$11.90,$7,$28,42.958
"Tyler Glasnow",18236,14374,sa597835,TBR,SP,$11.89,$5,$26,98.592
"Dee Gordon",17855,8203,sa454527,SEA,2B,$11.79,$3,$35,54.225
"Josh Bell",18152,13145,sa597768,PIT,1B,$11.78,$3,$28,98.592
"Eddie Rosario",14135,12155,sa548299,MIN,OF,$11.74,$5,$26,98.239
"Jose Quintana",10626,11423,sa505541,CHC,SP,$11.68,$3,$29,85.211
"Brad Hand",5010,9111,sa454426,CLE,RP,$11.67,$4,$25,97.535
"David Peralta",9058,2136,sa329170,ARI,OF,$11.54,$4,$27,91.549
"Miguel Sano",13310,12164,sa548088,MIN,1B/3B,$11.51,$3,$27,98.239
"Adalberto Mondesi",18218,13769,sa659237,KCR,SS,$11.46,$3,$40,95.775
"Austin Meadows",18281,15672,sa737440,TBR,OF,$11.43,$3,$30,98.592
"Robinson Cano",9215,3269,sa200602,NYM,2B,$11.35,$3,$29,57.746
"Sean Doolittle",6718,1581,sa389914,WSN,RP,$11.29,$5,$26,93.31
"Miguel Cabrera",9054,1744,,DET,1B,$11.27,$3,$49,33.099
"Kenta Maeda",23583,18498,sa379502,LAD,SP/RP,$11.25,$3,$25,92.254
"Brian Dozier",5782,9810,sa501587,FA,2B,$11.19,$3,$28,43.662
"Ryan Braun",726,3410,sa291154,MIL,OF,$11.17,$3,$26,80.634
"Max Kepler",14131,12144,sa549507,MIN,OF,$11.11,$3,$24,98.239
"Alejandro Ramos",6127,8350,sa502047,FA,RP,$11.00,$11,$11,0.352
"Byron Buxton",18163,14161,sa657851,MIN,OF,$10.98,$3,$31,93.31
"Blake Treinen",18414,12572,sa549672,OAK,RP,$10.97,$4,$24,60.211
"DJ LeMahieu",4953,9874,sa500845,NYY,1B/2B/3B,$10.91,$3,$29,98.592
"Brandon Belt",8651,10264,sa327177,SFG,1B/OF,$10.56,$3,$24,60.563
"Gregory Polanco",10505,12907,sa507194,PIT,OF,$10.56,$3,$26,73.944
"Andrew Miller",2191,6785,sa326467,STL,RP,$10.51,$3,$22,65.141
"Miguel Andujar",23720,15878,sa659185,NYY,Util,$10.49,$5,$25,95.423
"Alexander Reyes",18299,15015,sa739551,STL,SP/RP,$10.49,$3,$20,72.183
"Jake Arrieta",5706,4153,sa389721,PHI,SP,$10.38,$3,$31,40.845
"Jonathan Gray",18244,14916,sa549112,COL,SP,$10.31,$3,$24,88.028
"Dellin Betances",6446,6216,sa327052,FA,RP,$10.31,$3,$23,80.634
"Shin-Soo Choo",3372,3174,sa199996,TEX,OF,$10.11,$3,$22,96.479
"Cody Allen",18205,12183,sa549216,"MIN (A+)",RP,$10.09,$3,$21,12.324
"Zachary Wheeler",15962,10310,sa500722,FA,SP,$10.08,$5,$33,98.239
"Paul Dejong",21601,18015,sa829829,STL,SS,$10.01,$4,$21,97.887
"Bo Bichette",23767,19612,sa917949,TOR,SS,$9.95,$4,$24,98.239
"Domingo Santana",5866,10348,sa503853,SEA,OF,$9.92,$3,$26,92.606
"German Marquez",23688,15038,sa656016,COL,SP,$9.92,$5,$34,95.423
"Aristides Aquino",23751,15482,sa597058,CIN,OF,$9.90,$3,$30,97.887
"Rougned Odor",18158,12282,sa598341,TEX,2B,$9.81,$3,$21,61.972
"Travis Shaw",18531,11982,sa578040,MIL,3B,$9.79,$4,$26,30.282
"Didi Gregorius",16490,6012,sa456349,FA,SS,$9.76,$3,$22,97.535
"Nick Senzel",23623,19293,sa873264,CIN,OF,$9.75,$4,$23,97.535
"Marcus Semien",18263,12533,sa546772,OAK,SS,$9.72,$3,$20,98.239
"Ryan Gennett",6242,10339,sa501939,FA,2B,$9.67,$5,$24,32.042
"Rich Hill",5594,4806,sa202788,FA,SP,$9.60,$3,$24,73.239
"Miles Mikolas",6106,9803,sa501497,STL,SP,$9.59,$4,$27,89.085
"Evan Gattis",14194,11003,sa549669,FA,Util,$9.50,$3,$16,0.704
"Aaron Hicks",5770,5297,sa454371,NYY,OF,$9.46,$5,$27,85.211
"Eduardo Rodriguez",13335,13164,sa548722,BOS,SP,$9.42,$3,$28,98.592
"Jesse Winker",18239,13590,sa657865,CIN,OF,$9.41,$4,$28,89.789
"Wilson Ramos",4355,1433,sa328504,NYM,C,$9.25,$3,$20,92.958
"Eric Hosmer",8631,3516,sa454349,SDP,1B,$9.24,$3,$33,81.69
"Julio Urias",18240,14765,sa736324,LAD,SP/RP,$9.23,$4,$24,98.239
"Chris Paddack",22766,20099,sa875195,SDP,SP,$9.22,$3,$26,98.592
"Jonathan Schoop",10763,11265,sa507129,FA,2B,$9.21,$3,$20,72.887
"Jon Lester",2486,4930,sa202761,CHC,SP,$9.15,$3,$38,71.127
"Stephen Piscotty",18285,13367,sa503644,OAK,OF,$9.10,$3,$25,74.648
"Brandon Finnegan",18371,16208,sa602805,"CIN (AA)",RP,$9.00,$9,$9,0.352
"Cole Hamels",15286,4972,sa202810,FA,SP,$8.99,$3,$29,84.859
"Mike Soroka",22668,18383,sa874715,ATL,SP,$8.97,$3,$22,98.944
"David Robertson",2499,8241,sa328019,PHI,RP,$8.94,$3,$23,31.69
"Lucas Giolito",18195,15474,sa657908,CHW,SP,$8.89,$3,$25,98.239
"Jorge Soler",18162,14221,sa658226,KCR,OF,$8.85,$3,$25,98.239
"Michael Foltynewicz",14272,10811,sa548185,ATL,SP,$8.84,$3,$28,92.958
"Corey Dickerson",13999,10762,sa502420,FA,OF,$8.80,$3,$21,88.732
"Hyun-Jin Ryu",18210,14444,sa722329,FA,SP,$8.77,$3,$23,98.592
"Joc Pederson",14895,11899,sa549081,LAD,1B/OF,$8.77,$3,$23,97.887
"Ender Inciarte",5931,4922,sa503287,ATL,OF,$8.76,$3,$20,38.732
"Trey Mancini",18626,15149,sa708967,BAL,1B/OF,$8.74,$3,$25,98.592
"Alexander Colome",6195,6661,sa456064,CHW,RP,$8.64,$3,$27,94.718
"Joe Musgrove",18462,12970,sa597766,PIT,SP,$8.48,$3,$19,90.845
"Kirby Yates",6175,9073,sa505235,SDP,RP,$8.48,$5,$28,98.239
"Jorge Polanco",13217,13152,sa548087,MIN,SS,$8.42,$3,$20,98.239
"Rick Porcello",7519,2717,sa389909,FA,SP,$8.38,$3,$21,44.718
"Zack Godley",18513,14862,sa503798,FA,SP/RP,$8.29,$3,$21,14.789
"Jonathan Villar",16089,10071,sa503851,BAL,2B/SS,$8.28,$3,$23,98.239
"Marwin Gonzalez",4961,5497,sa329201,MIN,1B/3B/OF,$8.22,$3,$17,69.718
"Jesus Aguilar",9974,11342,sa505981,TBR,1B,$8.22,$3,$27,33.451
"Yadier Molina",8742,7007,sa200258,STL,C,$8.13,$3,$22,55.282
"Franmil Reyes",30128,14566,sa657490,CLE,OF,$8.10,$3,$22,97.535
"Luke Voit",23799,14811,sa502753,NYY,1B,$8.09,$3,$19,97.535
"Joey Lucchesi",32593,19320,sa917967,SDP,SP,$8.09,$3,$23,95.423
"Kyle Tucker",18546,18345,sa874240,HOU,OF,$8.05,$4,$27,98.239
"Ricky Nolasco",3849,3830,sa201347,"ARI (AAA)",SP/RP,$8.00,$8,$8,0.352
"Taylor Motter",23760,12399,sa577804,"OAK (AA)",3B/OF,$8.00,$8,$8,0.352
"Alex Wood",18221,13781,sa621049,FA,SP,$7.99,$3,$18,48.592
"Kyle Freeland",18363,16256,sa599746,COL,SP,$7.97,$3,$31,26.761
"Archie Bradley",18121,12918,sa597753,ARI,RP,$7.93,$3,$17,90.493
"Keston Hiura",23806,20003,sa3004043,MIL,2B,$7.90,$3,$22,98.592
"Chris Taylor",18341,13757,sa621666,LAD,2B/SS/OF,$7.89,$3,$22,66.197
"Francisco Mejia",19963,16403,sa739565,SDP,C,$7.89,$3,$18,91.901
"Jose Leclerc",23764,14524,sa597170,TEX,RP,$7.87,$4,$23,93.31
"Brendan Rodgers",18476,17907,sa874238,COL,2B/SS,$7.85,$3,$18,97.887
"Jeff Mcneil",18644,15362,sa709024,NYM,2B/3B/OF,$7.81,$3,$22,98.592
"J.A. Happ",3120,7410,sa253985,NYY,SP,$7.81,$3,$16,44.014
"Tyler Chatwood",4742,4338,sa456036,CHC,SP/RP,$7.80,$3,$15,1.761
"Jose Martinez",7590,7996,sa380012,STL,OF,$7.79,$3,$19,49.648
"Yulieski Gurriel",23678,19198,sa817365,HOU,1B/3B,$7.76,$3,$16,97.535
"Ramon Laureano",21200,17128,sa829185,OAK,OF,$7.67,$3,$20,97.887
"Justin Smoak",5434,9054,sa454366,FA,1B,$7.66,$3,$18,51.761
"Sonny Gray",18113,12768,sa455516,CIN,SP,$7.66,$3,$25,98.592
"Alex Cobb",17983,6562,sa326698,BAL,RP,$7.63,$3,$11,2.817
"Ryan Madson",4166,1852,sa184121,FA,RP,$7.60,$5,$10,1.761
"Amed Rosario",18303,15518,sa732115,NYM,SS,$7.58,$3,$18,96.479
"Ross Stripling",23598,13273,sa598259,LAD,SP/RP,$7.56,$3,$19,87.676
"Michael Kopech",18493,17282,sa828680,CHW,RP,$7.51,$3,$22,97.183
"Aaron Altherr",12359,11270,sa501598,"NYM (AAA)",OF,$7.50,$5,$10,0.704
"Joe Mauer",4507,1857,sa184112,FA,Util,$7.50,$6,$9,0.704
"Elvis Andrus",2347,8709,sa291792,TEX,SS,$7.44,$3,$22,88.028
"Nathan Eovaldi",9335,9132,sa455169,BOS,SP/RP,$7.41,$3,$19,58.451
"Odubel Herrera",17822,11476,sa505987,PHI,OF,$7.40,$3,$15,14.085
"Eduardo Escobar",4585,6153,sa455635,ARI,2B/3B,$7.39,$3,$21,98.944
"Salvador Perez",8626,7304,sa392995,KCR,Util,$7.39,$3,$22,78.169
"Sean Newcomb",18459,16943,sa709548,ATL,RP,$7.35,$3,$21,64.085
"Willy Adames",18407,15986,sa736655,TBR,SS,$7.34,$3,$18,90.845
"Billy Hamilton",11967,10199,sa500815,FA,OF,$7.31,$3,$29,18.31
"Alex Verdugo",18408,17027,sa828699,LAD,OF,$7.26,$3,$15,98.239
"Ryan McMahon",18328,15112,sa737539,COL,1B/2B/3B,$7.24,$3,$21,97.183
"Jacob Barnes",23721,12323,sa579271,FA,RP,$7.20,$4,$11,1.761
"Jeurys Familia",4637,5114,sa456027,NYM,RP,$7.20,$3,$17,25
"A.J. Minter",23679,18655,sa659284,ATL,RP,$7.18,$3,$16,34.859
"William Smith",16675,8048,sa454956,ATL,RP,$7.16,$3,$22,98.592
"Asdrubal Cabrera",3456,4962,sa253913,FA,2B/3B,$7.11,$3,$17,55.634
"Ryan Pressly",5735,7005,sa390190,HOU,RP,$7.09,$3,$18,95.07
"Jake Lamb",18346,13329,sa503242,ARI,1B/3B,$7.09,$3,$24,32.042
"Jose Peraza",18349,13593,sa596851,CIN,2B/SS/OF,$7.08,$3,$18,26.761
"Hunter Renfroe",18258,15464,sa549860,SDP,OF,$7.07,$3,$19,90.493
"Cesar Hernandez",9092,10556,sa503285,PHI,2B,$7.07,$3,$17,74.648
"Jimmy Nelson",14409,10547,sa548256,MIL,RP,$7.06,$3,$14,32.746
"Nick Pivetta",19398,15454,sa737889,PHI,SP/RP,$7.05,$3,$24,28.169
"Kelvin Herrera",8549,6033,sa455661,CHW,RP,$7.04,$3,$22,19.718
"Jesus Luzardo",23741,19959,sa917981,OAK,SP/RP,$7.02,$1,$31,98.592
"Mallex Smith",18485,13608,sa599039,SEA,OF,$7.01,$3,$29,64.789
"Mikie Mahtook",18139,13130,sa577782,"DET (AAA)",OF,$7.00,$7,$7,0.352
"Carson Smith",18405,13172,sa598101,FA,RP,$7.00,$7,$7,0.352
"Pedro Alvarez",5654,2495,sa454348,"BAL (AAA)",Util,$7.00,$7,$7,0.352
"Santiago Casilla",1033,2873,sa200641,"COL (AAA)",RP,$7.00,$7,$7,0.352
"Miguel Diaz",23763,18815,sa657924,SDP,SP/RP,$7.00,$7,$7,0.352
"Jedd Gyorko",13731,10816,sa526816,FA,3B,$7.00,$3,$12,2.817
"Ty Blach",23715,14361,sa658009,BAL,SP,$7.00,$7,$7,0.352
"Addison Reed",13922,10586,sa548229,"MIN (AAA)",RP,$7.00,$4,$12,1.056
"Randall Delgado",4719,5985,sa455640,"NYY (AAA)",SP/RP,$7.00,$7,$7,0.352
"Brandon Nimmo",18126,12927,sa597760,NYM,OF,$6.99,$3,$21,84.507
"Andrelton Simmons",14200,10847,sa548266,LAA,SS,$6.95,$3,$19,58.099
"Tyler White",18540,15564,sa738482,LAD,1B,$6.94,$3,$20,11.62
"Michael Wacha",18171,14078,sa621625,FA,SP/RP,$6.93,$3,$15,19.718
"Marcus Stroman",18184,13431,sa501969,NYM,SP,$6.93,$3,$24,96.127
"Adley Rutschman",37257,,sa3011643,"BAL (A)",Util,$6.93,$2,$18,84.859
"Tim Anderson",18306,15172,sa737508,CHW,SS,$6.92,$3,$21,98.239
"Ian Desmond",2062,6885,sa253269,COL,OF,$6.91,$3,$21,53.521
"Luis Urias",20827,16622,sa828496,SDP,2B/SS,$6.91,$3,$14,95.775
"Adam Ottavino",2014,1247,sa326503,NYY,RP,$6.87,$3,$16,94.366
"Jose Alvarado",29992,17780,sa656049,TBR,RP,$6.86,$3,$19,80.282
"Kevin Gausman",18196,14107,sa548347,CIN,SP/RP,$6.85,$3,$19,38.38
"Wander Samuel Franco",23848,,sa3007033,"TBR (A+)",SS,$6.85,$2,$20,97.887
"Forrest Whitley",23746,,sa917930,"HOU (AAA)",SP,$6.84,$2,$18,98.239
"Hunter Dozier",18277,15117,sa737439,KCR,1B/3B/OF,$6.82,$3,$15,97.887
"Jordan Hicks",23864,19618,sa875019,STL,RP,$6.81,$3,$17,79.225
"Willie Calhoun",18560,17838,sa738175,TEX,OF,$6.80,$3,$16,98.239
"Luke Weaver",18380,16918,sa599729,ARI,SP,$6.76,$3,$18,97.183
"Corey Knebel",18296,15010,sa737537,MIL,RP,$6.70,$3,$26,67.958
"Josh James",21551,16794,sa829673,HOU,RP,$6.69,$3,$16,85.563
"Andrew Heaney",18190,15423,sa502204,LAA,SP,$6.69,$3,$20,90.845
"Tyler Austin",14675,11850,sa549178,FA,1B/OF,$6.67,$3,$12,2.113
"Chris Davis",15562,9272,sa326739,BAL,1B,$6.67,$3,$12,1.056
"Jurickson Profar",13702,10815,sa549315,OAK,2B/OF,$6.66,$3,$19,64.437
"Arodys Vizcaino",5751,5498,sa455896,FA,RP,$6.66,$3,$22,34.155
"Tyler Skaggs",6306,10190,sa500787,FA,SP,$6.62,$4,$10,10.211
"Touki Toussaint",18370,16929,sa828666,ATL,SP/RP,$6.61,$3,$17,45.423
"Ervin Santana",7035,3200,sa200938,"NYM (AAA)",SP/RP,$6.60,$3,$11,1.761
"Lance McCullers",18228,14120,sa657858,HOU,RP,$6.60,$3,$31,95.775
"Matt Barnes",18130,12863,sa526376,BOS,RP,$6.56,$3,$22,84.155
"Maikel Franco",13821,12179,sa549529,PHI,3B,$6.55,$3,$17,28.169
"Brad Peacock",4603,5401,sa393232,HOU,SP/RP,$6.54,$3,$15,50
"Ian Happ",18479,17919,sa827194,CHC,2B/3B/OF,$6.54,$3,$19,57.746
"Zachary Britton",5209,3240,sa326674,NYY,RP,$6.53,$3,$20,90.493
"Jackie Bradley",18154,12984,sa526248,BOS,OF,$6.53,$3,$19,58.099
"Steven Matz",13962,13361,sa500832,NYM,SP,$6.52,$3,$17,84.507
"Antonio Senzatela",23757,15488,sa657576,COL,SP,$6.50,$5,$9,1.408
"Kyle Lewis",23621,19508,sa857836,SEA,OF,$6.47,$3,$19,78.521
"Nick Williams",18293,14330,sa657981,PHI,OF,$6.45,$3,$10,3.873
"Jake Bauers",18522,15194,sa737848,CLE,1B/OF,$6.45,$3,$16,48.239
"Scott Kingery",18509,17975,sa857705,PHI,2B/SS/3B/OF,$6.45,$3,$21,97.535
"Danny Jansen",19481,16535,sa738162,TOR,C,$6.45,$3,$17,67.254
"Liam Hendriks",5778,3548,sa393300,OAK,RP,$6.42,$3,$22,98.239
"Aaron Civale",31750,19479,sa874216,CLE,SP,$6.42,$3,$16,94.366
"Mychal Givens",12845,10430,sa500805,BAL,RP,$6.41,$3,$15,60.563
"Aaron Sanchez",14401,11490,sa548178,HOU,SP,$6.39,$3,$25,48.239
"Jacob McGee",2219,7550,sa253298,COL,RP,$6.33,$5,$9,1.056
"Manuel Pina",2891,2829,sa294107,MIL,C,$6.33,$5,$7,1.056
"Brad Brach",4814,6627,sa455297,FA,RP,$6.32,$3,$11,6.69
"Jed Lowrie",3543,4418,sa294693,NYM,Util,$6.30,$3,$19,27.817
"Kyle Barraclough",18557,13713,sa599542,FA,RP,$6.28,$3,$10,6.338
"Keone Kela",18432,14696,sa602412,PIT,RP,$6.27,$3,$16,71.479
"Shane Greene",12008,10756,sa501767,ATL,RP,$6.25,$3,$30,90.141
"Brandon Morrow",7509,9346,sa326466,FA,RP,$6.23,$3,$19,45.07
"Carl Edwards Jr.",18275,13607,sa602909,FA,RP,$6.17,$3,$12,16.901
"Garrett Hampson",31424,19262,sa738479,COL,2B/SS/OF,$6.16,$3,$15,77.817
"Freddy Peralta",19168,18679,sa737343,MIL,SP/RP,$6.15,$3,$12,42.606
"Randal Grichuk",6320,10243,sa500734,TOR,OF,$6.14,$3,$17,74.648
"Mike Zunino",18183,13265,sa502422,TBR,C,$6.07,$3,$18,23.592
"Matt Strahm",23691,13799,sa658557,SDP,SP/RP,$6.07,$3,$16,52.817
"Lourdes Gurriel",23722,19238,sa908697,TOR,2B/OF,$6.07,$3,$14,97.535
"Willians Astudillo",9535,15608,sa504866,MIN,C/1B/3B,$6.06,$3,$15,49.648
"Jeremy Jeffress",4276,9490,sa326478,FA,RP,$6.06,$3,$13,31.338
"Ryan Zimmerman",8511,4220,sa289022,FA,1B,$6.04,$3,$12,16.549
"Jorge Alfaro",13479,12180,sa551307,MIA,C,$6.02,$3,$19,80.282
"Giovanny Urshela",10002,10681,sa505997,NYY,3B,$6.01,$3,$19,97.887
"Brandon Woodruff",23693,16162,sa597893,MIL,SP,$6.01,$3,$16,98.239
"Jordon Adell",23792,,sa3004837,"LAA (AAA)",OF,$6.01,$2,$15,94.014
"Nick Markakis",15175,5930,sa225649,ATL,OF,$6.01,$3,$19,64.437
"Carlos Gomez",705,4881,sa254613,FA,OF,$6.00,$4,$11,1.408
"Cory Spangenberg",18108,12294,sa597758,MIL,2B/OF,$6.00,$6,$6,0.352
"Dominic Leone",18338,13763,sa621519,STL,RP,$6.00,$5,$7,0.704
"David Paulino",23607,17418,sa601330,"TOR (AAA)",SP/RP,$6.00,$3,$9,0.704
"Adam Warren",4418,9029,sa501312,FA,RP,$6.00,$5,$7,0.704
"Dylan Cozens",23610,15115,sa657955,"TBR (AAA)",OF,$6.00,$5,$7,0.704
"Nick Vincent",4796,7555,sa454592,FA,RP,$6.00,$5,$7,0.704
"Jayson Aquino",13369,13150,sa550591,"BAL (AA)",RP,$6.00,$6,$6,0.352
"Chris Stratton",18172,13761,sa621598,PIT,SP/RP,$6.00,$6,$6,0.352
"Andrew Triggs",23699,13533,sa549679,"OAK (AAA)",RP,$6.00,$3,$11,1.408
"Alen Hanson",13092,12926,sa547735,"TOR (AAA)",2B/3B,$6.00,$6,$6,0.352
"Keon Broxton",5938,9253,sa455550,FA,OF,$6.00,$3,$16,2.113
"Pedro Strop",2298,4070,sa244108,FA,RP,$5.99,$3,$18,47.183
"Francisco Cervelli",2176,5275,sa294320,FA,C,$5.96,$3,$13,17.606
"Jordan Yamamoto",21087,17585,sa829040,MIA,SP,$5.95,$3,$13,56.69
"Ryan Brasier",7676,5615,sa390196,BOS,RP,$5.95,$3,$14,19.366
"Dan Vogelbach",18192,14130,sa597778,SEA,1B,$5.92,$3,$16,77.817
"Marco Gonzales",18337,15467,sa549836,SEA,SP,$5.90,$3,$13,83.099
"Collin McHugh",8577,7531,sa455151,FA,SP/RP,$5.86,$3,$12,33.451
"Fernando Romero",23700,15885,sa657418,MIN,RP,$5.86,$3,$12,4.93
"Scott Schebler",14896,12225,sa549742,CIN,OF,$5.84,$3,$10,8.803
"Jaime Barria",19204,18356,sa737379,LAA,SP/RP,$5.83,$3,$9,2.113
"Alexander Claudio",14377,12890,sa549771,MIL,RP,$5.83,$3,$13,4.225
"Christin Stewart",22046,17714,sa858826,DET,OF,$5.82,$3,$14,56.338
"Greg Holland",5534,7196,sa389859,"WSN (AA)",RP,$5.81,$3,$17,25.352
"Max Fried",18164,13743,sa657860,ATL,SP,$5.80,$3,$13,98.592
"Austin Dean",30445,18288,sa657985,MIA,1B/OF,$5.80,$3,$12,1.761
"Ryan Buchter",5272,9456,sa326487,OAK,RP,$5.80,$3,$11,1.761
"Chance Adams",22738,18135,sa875066,NYY,SP/RP,$5.80,$5,$7,1.761
"Reynaldo Lopez",18415,16400,sa696415,CHW,SP,$5.79,$3,$13,77.817
"Brandon Lowe",31741,18882,sa874181,TBR,1B/2B/OF,$5.79,$3,$15,97.535
"Juan Nicasio",4760,7731,sa393284,FA,RP,$5.78,$3,$9,3.169
"Bradley Boxberger",4553,10133,sa328086,"CIN (AAA)",RP,$5.77,$3,$13,9.155
"Andres Munoz",33259,20373,sa919548,SDP,RP,$5.76,$3,$15,91.197
"Jacob Faria",18492,13699,sa598097,MIL,SP/RP,$5.75,$3,$9,1.408
"Trevor Rosenthal",12358,10745,sa502050,"NYY (AAA)",RP,$5.73,$3,$8,5.282
"Dillon Peters",23731,18790,sa599187,LAA,SP/RP,$5.73,$3,$18,3.873
"Trevor May",4395,6398,sa454536,MIN,RP,$5.72,$3,$15,52.465
"Gavin Lux",32576,19955,sa917933,LAD,2B/SS,$5.72,$1,$19,96.831
"Brian Anderson",23758,18289,sa599204,MIA,3B/OF,$5.72,$3,$13,91.549
"Mitch Keller",20936,17594,sa828700,PIT,SP,$5.72,$3,$17,97.887
"Emilio Pagan",19394,14771,sa737885,TBR,RP,$5.70,$3,$15,97.535
"Christian Walker",18389,13419,sa503826,ARI,1B,$5.70,$3,$15,91.197
"Will Smith",23654,19197,sa873265,LAD,C,$5.67,$3,$21,97.887
"Tyler O'Neill",19296,15711,sa737633,STL,OF,$5.67,$3,$12,64.085
"Joey Wendle",23710,13853,sa658022,TBR,2B/SS/3B,$5.67,$3,$15,33.099
"Benjamin Gamel",14899,12160,sa548493,MIL,OF,$5.67,$3,$9,1.056
"Nick Solak",23653,19294,sa874054,TEX,2B/3B/OF,$5.64,$3,$17,92.254
"Fernando Rodney",7125,494,sa167931,FA,RP,$5.63,$3,$11,2.817
"Chris Owings",17531,10030,sa500788,FA,2B/SS/3B/OF,$5.60,$3,$8,1.761
"Joe Panik",18137,11936,sa577938,FA,2B,$5.60,$3,$8,1.761
"Yan Gomes",4988,9627,sa501644,FA,C,$5.60,$3,$13,30.634
"Trent Grisham",18547,18564,sa874246,MIL,OF,$5.59,$3,$19,83.451
"Caleb Smith",19849,14875,sa738884,MIA,SP,$5.58,$3,$14,94.718
"Michael Chavis",18379,17321,sa828673,BOS,1B/2B,$5.57,$3,$18,94.366
"J.D. Davis",18544,16219,sa597900,NYM,3B/OF,$5.55,$3,$15,95.775
"Vincent Velasquez",14464,11189,sa548239,PHI,SP/RP,$5.55,$3,$31,41.549
"A.J. Puk",23660,19343,sa738675,OAK,SP/RP,$5.54,$3,$14,98.239
"Chris Devenski",23604,12763,sa599312,HOU,RP,$5.54,$3,$13,16.197
"Lewis Brinson",18178,14352,sa657923,MIA,OF,$5.53,$3,$12,30.986
"Dansby Swanson",18506,18314,sa659260,ATL,SS,$5.53,$3,$19,96.479
"Hunter Strickland",8257,7836,sa392092,WSN,RP,$5.53,$3,$17,37.324
"Harrison Bader",21968,18030,sa857218,STL,OF,$5.52,$3,$15,45.423
"Nico Hoerner",33627,21479,sa3007867,CHC,SS,$5.51,$1,$18,80.282
"Johan Camargo",23800,14950,sa657234,ATL,SS/3B/OF,$5.51,$3,$11,17.254
"Mark Melancon",3096,4264,sa327089,ATL,RP,$5.51,$3,$19,81.69
"Andrew Vaughn",37469,,sa3011226,"CHW (A+)",1B,$5.51,$2,$15,83.451
"Austin Gomber",20402,16561,sa827376,STL,SP/RP,$5.50,$5,$6,0.704
"Hernan Perez",6080,5751,sa503318,FA,2B/SS/3B/OF,$5.50,$3,$9,3.521
"Michael Taylor",12139,11489,sa501492,WSN,OF,$5.50,$3,$8,1.408
"Ian Hamilton",31735,19261,sa874145,CHW,RP,$5.50,$5,$6,0.704
"Kyle Gibson",4943,10123,sa500733,FA,SP/RP,$5.48,$3,$15,70.775
"Chad Green",23643,15552,sa550041,NYY,SP/RP,$5.47,$3,$12,45.423
"Tommy Edman",31703,19470,sa873704,STL,2B/3B/OF,$5.46,$3,$17,76.408
"Justus Sheffield",20919,17285,sa828678,SEA,SP,$5.46,$3,$13,80.986
"Zach Eflin",23612,13774,sa657853,PHI,SP,$5.45,$3,$17,54.93
"Matt Boyd",18465,15440,sa621603,DET,SP,$5.45,$3,$16,97.183
"Austin Hays",23805,19363,sa874219,BAL,OF,$5.42,$3,$19,67.254
"Manuel Margot",18280,14712,sa657504,SDP,OF,$5.42,$3,$15,51.056
"Seranthony Dominguez",30196,19249,sa657573,PHI,RP,$5.40,$3,$12,47.183
"Enrique Hernandez",11508,10472,sa501542,LAD,2B/SS/OF,$5.40,$3,$20,59.859
"Joe Jimenez",20103,15761,sa740519,DET,RP,$5.39,$3,$16,77.465
"Eduardo Nunez",2488,6848,sa294318,FA,2B/3B,$5.38,$3,$11,2.817
"Zac Gallen",23779,19291,sa857550,ARI,SP,$5.37,$3,$15,98.592
"Carlos Rodon",18359,16137,sa598286,CHW,SP,$5.36,$3,$23,56.338
"Austin Riley",22674,18360,sa874756,ATL,3B/OF,$5.35,$3,$13,96.831
"Cavan Biggio",23737,19252,sa738582,TOR,2B/OF,$5.34,$3,$11,97.183
"Trevor Williams",18608,16977,sa708217,PIT,SP,$5.34,$3,$15,52.465
"Clint Frazier",18246,15983,sa737437,NYY,OF,$5.33,$3,$16,91.549
"Jake Odorizzi",6232,6397,sa454394,MIN,SP,$5.33,$3,$21,97.183
"A.J. Reed",18384,16246,sa599279,"CHW (AAA)",1B,$5.33,$5,$6,1.056
"Lazaro Armenteros",23664,,sa969091,"OAK (A+)",OF,$5.33,$4,$7,1.056
"Brendan McKay",23816,20186,sa829698,TBR,SP,$5.32,$3,$13,98.592
"Mike Tauchman",19369,15274,sa737856,NYY,OF,$5.32,$3,$13,44.718
"Dylan Cease",21052,18525,sa829000,CHW,SP,$5.30,$3,$12,94.366
"Shedric Long",19768,16542,sa738578,SEA,2B/3B/OF,$5.28,$3,$21,44.718
"Matt Harvey",18101,11713,sa390378,"OAK (AAA)",SP,$5.28,$3,$12,6.338
"Welington Castillo",18001,3256,sa328454,FA,C,$5.28,$3,$11,19.014
"Emmanuel Clase",22568,21032,sa873427,TEX,RP,$5.27,$3,$15,63.732
"Kyle Wright",23791,19665,sa874117,ATL,SP/RP,$5.27,$3,$11,71.479
"Taylor Rogers",23675,13449,sa503168,MIN,RP,$5.26,$3,$16,97.183
"Mike Minor",5147,10021,sa327725,TEX,SP,$5.25,$3,$13,97.535
"Josh Tomlin",2788,9388,sa328081,FA,RP,$5.25,$3,$8,1.408
"Tyler Alexander",19575,17735,sa738285,DET,SP/RP,$5.25,$3,$7,1.408
"Greg Allen",20381,16623,sa827328,CLE,OF,$5.25,$3,$8,2.817
"Luke Jackson",18382,11752,sa548163,ATL,RP,$5.24,$3,$11,63.38
"Corbin Burnes",23813,19361,sa873673,MIL,SP/RP,$5.23,$3,$11,34.507
"Luiz Gohara",18279,15166,sa723875,"ATL (AAA)",RP,$5.22,$3,$9,17.606
"Jose Urquidy",23453,18413,sa879512,HOU,SP,$5.21,$3,$15,61.62
"Carter Kieboom",23771,19958,sa917937,WSN,2B/SS,$5.21,$3,$17,97.183
"Christian Arroyo",19254,16434,sa737529,CLE,3B,$5.20,$3,$9,1.761
"Ryan Tepera",16290,10291,sa502039,FA,RP,$5.20,$4,$7,1.761
"Nicholas Kingham",14835,11694,sa548285,FA,RP,$5.20,$3,$8,1.761
"Griffin Canning",33604,19867,sa829807,LAA,SP,$5.19,$3,$12,90.845
"Cole Tucker",18377,17326,sa828671,PIT,SS,$5.19,$3,$9,9.507
"Francellis Montas",13126,14309,sa551258,OAK,SP,$5.18,$3,$12,97.183
"Matt Kemp",3745,5631,sa244013,"NYM (AAA)",OF,$5.18,$3,$10,7.746
"Brandon Drury",14120,11615,sa549169,TOR,1B/2B/3B/OF,$5.18,$3,$11,3.873
"Lance Lynn",5591,2520,sa454404,TEX,SP,$5.18,$3,$16,98.239
"Dustin May",32611,19716,sa917992,LAD,SP/RP,$5.17,$3,$19,97.535
"Bryan Reynolds",23825,19326,sa873683,PIT,OF,$5.17,$3,$12,98.592
"Sean Manaea",18257,15873,sa709610,OAK,SP,$5.17,$3,$15,97.887
"Luis Robert",23780,,sa3003396,"CHW (AAA)",OF,$5.17,$2,$19,96.127
"Steve Pearce",16479,9957,sa291697,"BOS (AAA)",1B,$5.17,$3,$13,6.338
"Zach Plesac",31701,19979,sa873700,CLE,SP,$5.16,$3,$18,73.944
"Jhoulys Chacin",5701,2608,sa392462,FA,SP,$5.13,$3,$13,21.127
"Yangervis Solarte",4931,5352,sa393004,"MIA (AAA)",2B,$5.11,$3,$9,3.169
"Diego Castillo",20234,17496,sa822882,TBR,SP/RP,$5.10,$3,$11,82.394
"Ty Buttrey",30457,14719,sa657997,LAA,RP,$5.08,$3,$12,65.141
"Franklin Barreto",18320,15519,sa739765,OAK,2B/SS,$5.08,$3,$13,39.789
"Sam Hilliard",21476,17954,sa829542,COL,OF,$5.08,$3,$13,32.746
"C.J. Cron",18109,12546,sa577718,MIN,1B,$5.07,$3,$12,77.465
"Dinelson Lamet",21952,17186,sa843182,SDP,SP,$5.07,$3,$20,98.592
"Austin Barnes",18410,12158,sa578958,LAD,C,$5.06,$3,$21,18.31
"Jerad Eickhoff",18542,12664,sa550286,"PHI (AAA)",SP,$5.06,$3,$10,12.324
"Lou Trivino",19445,15043,sa737939,OAK,RP,$5.05,$3,$11,39.437
"Justin Bour",5807,9744,sa502196,FA,1B,$5.05,$3,$9,7.042
"Casey Mize",33616,,sa3008444,"DET (AA)",SP,$5.04,$2,$14,96.479
"Daniel Duffy",7962,3542,sa390368,KCR,SP,$5.04,$3,$22,18.662
"Michael Fulmer",18502,13218,sa597764,DET,RP,$5.04,$3,$25,47.535
"Jairo Diaz",9889,12774,sa505259,COL,RP,$5.02,$3,$15,18.31
"Matt Duffy",18443,13836,sa621604,TBR,3B,$5.00,$3,$9,3.873
"Tanner Houck",23811,,sa829037,"BOS (AAA)",SP/RP,$5.00,$5,$5,0.352
"Bryan Shaw",5289,8110,sa455883,COL,RP,$5.00,$3,$7,2.113
"Shane Carle",19402,15258,sa737893,"TEX (AAA)",RP,$5.00,$5,$5,0.352
"Jefry Rodriguez",30284,17018,sa657760,CLE,SP,$5.00,$5,$5,0.704
"Max Stassi",8542,10059,sa501262,LAA,C,$5.00,$4,$6,1.056
"Johnathan Davis",19577,15830,sa738287,FA,OF,$5.00,$3,$7,0.704
"Logan Morrison",2581,9205,sa326123,FA,1B,$5.00,$5,$5,0.352
"Tyson Ross",8379,7872,sa454432,FA,SP,$5.00,$3,$7,1.761
"Evan Marshall",18426,12297,sa597833,CHW,RP,$5.00,$3,$9,1.056
"Matt Andriese",18315,12022,sa577754,ARI,RP,$5.00,$5,$5,0.352
"Christian Villanueva",10355,11738,sa505993,FA,Util,$5.00,$5,$5,0.352
"Brad Ziegler",1502,7293,sa226134,FA,RP,$5.00,$3,$7,0.704
"Jake Noll",31753,19703,sa874225,WSN,1B/3B,$5.00,$5,$5,0.352
"Shelby Miller",6289,10197,sa500730,"MIL (R)",SP/RP,$5.00,$5,$5,0.352
"Dixon Machado",9673,11472,sa505035,"CHC (AAA)",SS,$5.00,$5,$5,0.352
"Jerry Blevins",1661,7841,sa253974,FA,RP,$5.00,$5,$5,0.704
"Bartolo Colon",1980,375,sa7913,FA,RP,$5.00,$5,$5,0.352
"Daniel Straily",8538,9460,sa502143,"PHI (AAA)",SP/RP,$5.00,$5,$5,0.352
"Grayson Greiner",20987,17062,sa828801,DET,C,$5.00,$5,$5,0.352
"Luke Gregerson",2010,4090,sa328335,FA,RP,$5.00,$5,$5,0.352
"Alcides Escobar",1678,6310,sa253759,"CHW (AAA)",SS/3B,$5.00,$3,$7,0.704
"Devon Travis",18305,13862,sa578013,FA,Util,$5.00,$3,$9,1.408
"Preston Tucker",18390,13633,sa577996,"CHW (AAA)",Util,$5.00,$4,$6,0.704
"Paulo Orlando",1950,8628,sa322953,"CHW (AAA)",OF,$5.00,$5,$5,0.352
"Sandy Leon",5821,5273,sa392375,BOS,C,$5.00,$5,$5,0.352
"Nate Orf",28167,15407,sa579765,"MIL (AAA)",2B/OF,$5.00,$5,$5,0.352
"Stephen Gonsalves",18454,15492,sa737764,NYM,SP/RP,$5.00,$5,$5,0.352
"Matthew Davidson",5936,7226,sa500767,"TEX (AAA)",1B/3B,$5.00,$5,$5,1.408
"Clayton Richard",1943,3551,sa291701,"TOR (AAA)",SP,$5.00,$3,$7,1.056
"J.B. Wendelken",30624,14506,sa658247,OAK,RP,$5.00,$3,$12,2.113
"Ranger Suarez",31194,17277,sa659551,PHI,SP/RP,$5.00,$5,$5,0.352
"Justin Wilson",5053,4301,sa454547,NYM,RP,$5.00,$3,$9,4.577
"Marco Estrada",2658,1118,sa291479,"OAK (AAA)",SP,$5.00,$5,$5,0.352
"Edubray Ramos",12743,16086,sa546466,FA,RP,$5.00,$5,$5,1.056
"Lucas Duda",5229,2502,sa389745,"ATL (AAA)",1B,$5.00,$5,$5,0.704
"Luis Santana",33396,,sa921577,"HOU (A-)",2B,$5.00,$5,$5,0.352
"Matt Bush",1977,1246,sa253220,"TEX (AA)",RP,$5.00,$5,$5,0.352
"Adeiny Hechavarria",12673,10459,sa541415,FA,2B/SS/3B,$5.00,$5,$5,0.352
"Magneuris Sierra",18416,17023,sa736866,MIA,OF,$5.00,$5,$5,0.352
"Tyler Wade",19387,15730,sa737878,NYY,2B/SS/OF,$5.00,$5,$5,0.352
"Domingo German",13063,17149,sa548637,NYY,SP,$4.99,$3,$20,91.901
"Luis Arraez",20545,18568,sa828153,MIN,2B/3B/OF,$4.99,$3,$14,94.718
"Hector Neris",13080,11804,sa550523,PHI,RP,$4.99,$3,$14,96.479
"Josh VanMeter",19339,15170,sa737821,CIN,1B/2B/OF,$4.98,$3,$11,45.07
"Avisail Garcia",6091,5760,sa497563,FA,OF,$4.98,$3,$16,92.606
"Julio Teheran",5750,6797,sa394370,FA,SP,$4.98,$3,$18,86.268
"Trevor Cahill",4107,6249,sa326540,FA,SP/RP,$4.96,$3,$15,8.451
"Cedric Mullins",22616,17929,sa873639,BAL,OF,$4.94,$3,$11,5.986
"Josh Rojas",31853,19734,sa913302,ARI,2B/OF,$4.94,$3,$11,51.408
"Chase Anderson",5943,6895,sa501567,TOR,SP/RP,$4.94,$3,$14,27.465
"Adam Jones",1017,6368,sa244375,FA,OF,$4.94,$3,$18,54.225
"James Karinchak",31930,20151,sa915662,CLE,RP,$4.93,$3,$15,75
"Brent Honeywell",18561,16466,sa828706,"TBR (AA)",SP,$4.91,$2,$10,82.394
"Robinson Chirinos",1652,3142,sa200980,FA,C,$4.91,$3,$11,77.817
"Mitch Garver",23845,15161,sa578988,MIN,C,$4.91,$3,$12,97.887
"Ronny Rodriguez",23854,11875,sa595953,DET,1B/2B/SS,$4.90,$3,$9,3.521
"Corbin Martin",31944,19884,sa915704,ARI,SP,$4.90,$3,$13,16.901
"Albert Almora",18186,14109,sa657859,CHC,OF,$4.89,$3,$9,9.859
"Yandy Diaz",18517,16578,sa823741,TBR,1B/3B,$4.89,$3,$12,92.958
"Jeimer Candelario",23582,13621,sa596954,DET,1B/3B,$4.89,$3,$15,19.014
"Tim Beckham",18058,7949,sa454347,SEA,2B/SS/3B/OF,$4.89,$3,$10,15.493
"Yonder Alonso",5165,2530,sa454358,FA,1B,$4.88,$3,$12,11.268
"Kolby Allard",18532,18694,sa874245,TEX,SP,$4.87,$3,$11,61.62
"Carlos Gonzalez",1342,7287,sa244091,FA,OF,$4.86,$3,$9,4.93
"Ben Zobrist",4083,7435,sa253735,FA,2B/OF,$4.85,$3,$12,20.775
"Travis d'Arnaud",4980,7739,sa389876,FA,C/1B,$4.85,$3,$10,64.437
"Niko Goodrum",14455,12092,sa550463,DET,1B/2B/SS/OF,$4.84,$3,$15,72.887
"Jason Heyward",7549,4940,sa388409,CHC,OF,$4.84,$3,$13,80.634
"Blake Parker",5582,5224,sa327889,FA,RP,$4.84,$3,$12,34.155
"Alex Kirilloff",23689,,sa917929,"MIN (AA)",1B/OF,$4.83,$2,$13,95.423
"Wilmer Flores",8583,5827,sa455617,FA,1B/2B,$4.83,$3,$11,37.324
"Zack Cozart",17965,2616,sa390271,LAA,3B,$4.83,$3,$9,10.211
"Pat Neshek",13399,4682,sa202581,FA,RP,$4.82,$3,$7,3.873
"Joakim Soria",15273,6941,sa202799,OAK,RP,$4.82,$3,$11,44.014
"Dereck Rodriguez",28788,14509,sa597982,SFG,SP/RP,$4.82,$3,$12,13.38
"Nathaniel Lowe",32765,19566,sa918283,TBR,1B,$4.82,$3,$14,93.31
"Drew Steckenrider",23836,18806,sa621408,MIA,RP,$4.81,$3,$9,19.014
"Richard Lovelady",23828,19337,sa918199,KCR,RP,$4.81,$3,$9,5.634
"Oscar Mercado",19280,16375,sa737612,CLE,OF,$4.81,$3,$13,95.423
"Enyel De Los Santos",23339,18403,sa877528,PHI,SP/RP,$4.80,$3,$6,1.761
"Derek Dietrich",13598,10542,sa390374,CIN,1B/2B/OF,$4.80,$3,$12,35.211
"Ryan Yarbrough",19747,16502,sa738545,TBR,SP/RP,$4.79,$3,$19,93.31
"Thomas La Stella",18274,12371,sa598119,LAA,2B/3B,$4.78,$3,$12,71.127
"Ryon Healy",23624,15447,sa621493,FA,1B/3B,$4.78,$3,$12,20.775
"Tayron Guerrero",13407,11691,sa551046,MIA,RP,$4.78,$3,$7,3.169
"Raimel Tapia",18289,14350,sa597078,COL,OF,$4.77,$3,$11,48.592
"Tony Watson",16011,3132,sa327785,SFG,RP,$4.77,$3,$13,43.662
"Dakota Hudson",23707,19206,sa738673,STL,SP,$4.76,$3,$11,77.817
"Martin Perez",8147,6902,sa455689,FA,SP,$4.75,$3,$14,37.324
"Rogelio Armenteros",23291,17679,sa877310,HOU,SP/RP,$4.75,$3,$8,2.817
"Scott Heineman",31497,14453,sa827137,TEX,OF,$4.75,$3,$7,1.408
"Yoenis Cespedes",18142,13110,sa631663,NYM,Util,$4.75,$3,$31,71.831
"Matthew Magill",17699,3950,sa457020,SEA,RP,$4.74,$3,$11,14.789
"Nicky Lopez",32632,19339,sa918022,KCR,2B/SS,$4.73,$3,$9,14.437
"Nick Anderson",28104,18337,sa578957,TBR,RP,$4.73,$3,$13,96.127
"Pablo Lopez",18786,17085,sa736473,MIA,SP,$4.72,$3,$12,90.493
"Isan Diaz",20939,17922,sa828704,MIA,2B,$4.71,$3,$12,63.732
"Hansel Robles",10064,11801,sa506925,LAA,RP,$4.71,$3,$13,95.423
"Gio Gonzalez",1292,7448,sa253557,FA,SP,$4.70,$3,$24,57.746
"Yonny Chirinos",18753,16401,sa735855,TBR,SP/RP,$4.70,$3,$14,88.028
"Roenis Elias",18326,12673,sa603328,WSN,RP,$4.70,$3,$13,28.169
"Seth Brown",23052,18171,sa875797,OAK,1B/OF,$4.68,$3,$15,43.31
"Craig Stammen",2082,7274,sa291777,FA,RP,$4.68,$3,$10,52.113
"Mike Yastrzemski",18383,14854,sa503161,SFG,OF,$4.68,$3,$12,82.746
"Logan Webb",21015,17995,sa828873,SFG,SP,$4.67,$3,$16,33.099
"Kevin Kiermaier",14209,11038,sa549853,TBR,OF,$4.67,$3,$13,53.169
"Kevin Plawecki",18343,13807,sa621652,CLE,C,$4.67,$3,$6,1.056
"Francis Martes",18523,17303,sa736839,HOU,RP,$4.67,$4,$6,2.113
"Bud Norris",2541,9492,sa326798,TOR,RP,$4.67,$3,$9,2.113
"Cole Irvin",30886,19244,sa658684,PHI,SP/RP,$4.67,$4,$6,1.056
"Adam Plutko",23711,15846,sa548327,CLE,SP,$4.65,$3,$10,8.099
"Tony Gonsolin",32712,19388,sa918175,LAD,SP/RP,$4.65,$3,$17,73.592
"Framber Valdez",22426,17295,sa873146,HOU,SP/RP,$4.65,$3,$10,21.127
"Teoscar Hernandez",23651,13066,sa596861,TOR,OF,$4.64,$3,$11,39.085
"Kyle Seager",4885,9785,sa501199,SEA,3B,$4.64,$3,$22,74.648
"J.P. Crawford",18272,15491,sa737507,SEA,SS,$4.63,$3,$11,53.873
"Starlin Castro",5267,4579,sa455874,FA,2B/3B,$4.63,$3,$12,39.437
"Dylan Bundy",18118,12917,sa597750,BAL,SP,$4.62,$3,$13,34.155
"Austin Adams",30529,13801,sa658119,SEA,RP,$4.61,$3,$11,38.028
"Adam Frazier",19348,15223,sa737830,PIT,2B,$4.61,$3,$13,61.268
"Cal Quantrill",23629,19312,sa738477,SDP,SP/RP,$4.59,$3,$12,70.775
"Jordan Lyles",8694,7593,sa454403,FA,SP,$4.58,$3,$12,58.803
"Garrett Cooper",19350,15279,sa737833,MIA,1B/OF,$4.58,$3,$13,56.69
"Tyler Anderson",15081,12880,sa578009,SFG,SP,$4.57,$3,$6,2.465
"Josh Harrison",5041,8202,sa454741,"DET (AAA)",2B,$4.57,$3,$9,4.93
"Trevor Richards",23761,19309,sa922230,TBR,SP/RP,$4.57,$3,$12,54.577
"Seth Lugo",23701,12447,sa599698,NYM,RP,$4.56,$3,$13,98.239
"Clay Buchholz",3531,3543,sa294331,FA,SP,$4.56,$3,$15,6.338
"Daniel Santana",10028,10322,sa503874,TEX,1B/2B/SS/3B/OF,$4.55,$3,$12,95.775
"Anibal Sanchez",3988,3284,sa226473,WSN,SP,$4.55,$3,$11,56.69
"Kendrys Morales",557,8610,sa281594,FA,1B,$4.54,$3,$12,4.577
"Danny Salazar",5948,5867,sa456364,"CLE (R)",SP/RP,$4.54,$3,$19,49.296
"Brandon Kintzler",5183,9939,sa254178,FA,RP,$4.52,$3,$10,8.099
"Sandy Alcantara",20732,18684,sa828383,MIA,SP,$4.51,$3,$11,87.324
"Kolten Wong",18111,12532,sa455324,STL,2B,$4.51,$3,$13,69.366
"Victor Arano",20063,15915,sa739831,PHI,RP,$4.50,$3,$7,1.408
"D.J. Stewart",30877,17766,sa658672,BAL,OF,$4.50,$3,$7,2.113
"Jonathan Holder",18656,16588,sa709534,NYY,RP,$4.50,$4,$5,0.704
"Nick Delmonico",23851,13157,sa597968,FA,OF,$4.50,$3,$6,0.704
"Billy McKinney",18436,15654,sa737528,TOR,OF,$4.50,$3,$7,4.225
"Alex Wilson",4555,9239,sa500840,"CHC (AAA)",RP,$4.50,$3,$6,0.704
"Tom Milone",5227,7608,sa454596,FA,SP/RP,$4.50,$3,$17,4.93
"Kevin Newman",18508,17696,sa827183,PIT,2B/SS,$4.50,$3,$12,85.211
"Brad Keller",19378,15734,sa737865,KCR,SP,$4.49,$3,$11,59.507
"Anthony Santander",23856,14551,sa659463,BAL,OF,$4.49,$3,$10,71.831
"Adam Duvall",13750,10950,sa549078,ATL,OF,$4.47,$3,$11,11.972
"Daniel Ponce de Leon",27806,16110,sa549749,STL,SP/RP,$4.46,$3,$8,19.718
"Chris Bassitt",18398,12304,sa598294,OAK,SP,$4.46,$3,$10,63.732
"Abraham Toro-Hernandez",32630,19844,sa918020,HOU,3B,$4.46,$3,$12,34.155
"Sean Murphy",31687,19352,sa873680,OAK,C,$4.45,$1,$16,85.915
"MacKenzie Gore",23810,,sa3005068,"SDP (R)",SP,$4.45,$2,$13,96.127
"Kurt Suzuki",1051,8259,sa262428,WSN,C,$4.45,$3,$11,53.169
"Kole Calhoun",14565,11200,sa546813,FA,OF,$4.45,$3,$20,90.493
"Drew Pomeranz",18095,11426,sa390654,FA,SP/RP,$4.45,$3,$15,40.141
"Hector Rondon",2766,2391,sa328585,FA,RP,$4.45,$3,$11,26.056
"Josh Naylor",22655,18839,sa874243,SDP,OF,$4.44,$3,$10,42.958
"Alex Young",30976,18333,sa658917,ARI,SP/RP,$4.44,$3,$19,42.606
"Spencer Turnbull",20454,16207,sa827481,DET,SP,$4.44,$3,$13,70.07
"Jake Junis",23787,13619,sa602414,KCR,SP,$4.44,$3,$11,27.465
"Brusdar Graterol",22524,20367,sa873310,MIN,SP/RP,$4.43,$3,$14,77.817
"Ryan O'Hearn",21156,16442,sa829141,KCR,1B,$4.43,$3,$7,9.859
"Kevin Cron",23718,16211,sa597807,ARI,1B,$4.43,$3,$12,26.408
"Bradley Zimmer",18374,16221,sa599245,CLE,Util,$4.43,$3,$13,14.085
"Edwin Rios",20344,18316,sa827170,LAD,1B/3B,$4.42,$3,$9,4.225
"Omar Narvaez",9639,13338,sa504967,SEA,C,$4.41,$3,$12,96.479
"Todd Frazier",5641,785,sa389301,FA,3B,$4.41,$3,$9,5.986
"Tucker Barnhart",12532,10200,sa501601,CIN,C,$4.41,$3,$8,23.944
"Bobby Bradley",15450,17278,sa828799,CLE,1B,$4.40,$3,$10,23.592
"Zach Davies",18554,13183,sa599267,MIL,SP,$4.40,$3,$12,38.732
"Jose Urena",9840,11589,sa506871,MIA,SP/RP,$4.40,$3,$13,24.648
"Shawn Kelley",6814,7773,sa389295,FA,RP,$4.39,$3,$10,16.197
"Jay Bruce",1840,9892,sa290133,PHI,1B/OF,$4.39,$3,$17,48.239
"Adrian Houser",28712,12718,sa597779,MIL,SP/RP,$4.38,$3,$15,71.479
"Orlando Arcia",18433,13185,sa596917,MIL,SS,$4.38,$3,$13,15.845
"Seung-hwan Oh",23588,18719,,FA,RP,$4.38,$3,$11,2.817
"Jace Fry",28855,16159,sa598246,CHW,RP,$4.38,$3,$9,16.901
"Ian Kennedy",2162,6986,sa326484,KCR,RP,$4.37,$3,$13,94.014
"Tanner Roark",8697,8753,sa454939,FA,SP,$4.37,$3,$28,67.254
"Royce Lewis",23796,,sa3004259,"MIN (AA)",SS,$4.37,$2,$17,94.718
"Thomas Kahnle",14809,11384,sa526323,NYY,RP,$4.37,$3,$14,82.394
"Trevor Hildenberger",21419,17002,sa829460,MIN,RP,$4.36,$3,$8,3.873
"Yolmer Sanchez",16873,11602,sa507106,CHW,2B,$4.36,$3,$6,3.873
"Cameron Bedrosian",14689,13360,sa548180,LAA,SP/RP,$4.36,$3,$11,13.732
"Jonathan Loaisiga",19197,19753,sa737372,NYY,SP/RP,$4.36,$3,$10,49.296
"Sixto Sanchez",22611,,sa873550,"MIA (AA)",SP,$4.35,$2,$14,95.775
"Addison Russell",18166,14106,sa657862,CHC,2B/SS,$4.35,$3,$18,8.099
"Brandon Crawford",5071,5343,sa454517,SFG,SS,$4.34,$3,$12,10.211
"Jeremy Hellickson",2714,4371,sa295725,"WSN (R)",SP,$4.33,$3,$7,3.169
"Gerardo Parra",2957,8553,sa328464,FA,1B/OF,$4.33,$3,$7,3.169
"Mac Williamson",18550,14158,sa602852,"SEA (AAA)",OF,$4.33,$3,$5,1.056
"Tanner Scott",21075,17586,sa829027,BAL,RP,$4.33,$3,$5,1.056
"Jordy Mercer",5054,6547,sa454448,FA,1B/2B/SS,$4.33,$3,$7,1.056
"Travis Jankowski",18439,13768,sa577924,CIN,OF,$4.33,$3,$5,1.056
"Russell Martin",15293,4616,sa202338,FA,C,$4.33,$3,$13,5.282
"Matt Hall",21983,18076,sa857601,DET,SP/RP,$4.33,$3,$5,1.056
"Colin Poche",30449,19403,sa657989,TBR,RP,$4.32,$3,$9,69.014
"Isiah Kiner-Falefa",19368,16512,sa737855,TEX,C/3B,$4.32,$3,$10,8.803
"Dominic Smith",18300,15653,sa737502,NYM,1B/OF,$4.32,$3,$9,44.014
"Keynan Middleton",19299,15264,sa737638,LAA,RP,$4.32,$3,$9,7.746
"Austin Hedges",18207,12976,sa597799,SDP,C,$4.31,$3,$9,16.901
"Michael Brosseau",33156,19683,sa918938,TBR,2B/3B/OF,$4.31,$3,$8,11.268
"Chad Pinder",18633,15191,sa708990,OAK,2B/3B/OF,$4.31,$3,$9,27.113
"Joe Kelly",6292,9761,sa501235,LAD,RP,$4.31,$3,$14,31.69
"Franchy Cordero",18322,14567,sa657481,SDP,Util,$4.30,$3,$9,44.366
"Jung-ho Kang",18413,17182,sa723942,FA,SS/3B,$4.30,$3,$7,3.521
"Alex Dickerson",23617,12649,sa526380,SFG,OF,$4.30,$3,$12,28.521
"Dwight Smith Jr.",28717,13473,sa597794,BAL,OF,$4.29,$3,$12,23.944
"Steve Cishek",17992,6483,sa389709,FA,RP,$4.29,$3,$9,46.127
"Hunter Pence",515,8252,sa262071,FA,OF,$4.29,$3,$9,55.282
"Carlos Estevez",23613,14542,sa598491,COL,RP,$4.29,$3,$7,2.465
"Ryan Borucki",23855,16350,sa658266,TOR,RP,$4.29,$3,$7,4.93
"Brett Gardner",1244,9927,sa291262,FA,OF,$4.28,$3,$17,79.225
"Michael Pineda",5134,5372,sa447669,FA,SP,$4.28,$3,$9,61.268
"Logan Allen",22763,18555,sa875192,CLE,SP/RP,$4.28,$3,$9,35.211
"Tyler Mahle",19422,16358,sa737914,CIN,SP,$4.28,$3,$12,47.183
"Jarlin Garcia",23777,18282,sa597438,MIA,RP,$4.27,$3,$7,3.873
"Dustin Fowler",19538,17098,sa738241,OAK,OF,$4.27,$3,$10,14.437
"Daniel Winkler",23600,12237,sa550188,"SFG (AAA)",RP,$4.27,$3,$11,5.282
"Derek Fisher",18468,16192,sa597981,TOR,OF,$4.26,$3,$7,11.972
"Josh Reddick",4222,3892,sa328018,HOU,OF,$4.26,$3,$13,41.901
"Jeff Samardzija",1653,3254,sa326740,SFG,SP,$4.26,$3,$20,69.366
"Ian Kinsler",7126,6195,sa226315,SDP,2B,$4.25,$3,$11,8.451
"Daniel Mengden",20991,16980,sa828805,OAK,SP,$4.25,$3,$6,4.225
"Rowan Wick",27773,14646,sa549441,CHC,RP,$4.23,$3,$11,38.028
"Yoshihisa Hirano",33601,19756,,FA,RP,$4.23,$3,$7,21.479
"Kevin Pillar",18429,12434,sa578870,SFG,OF,$4.22,$3,$11,36.62
"Scott Oberg",23778,13911,sa526291,COL,RP,$4.22,$3,$12,50.352
"Victor Reyes",30041,15487,sa657236,DET,OF,$4.21,$3,$27,19.718
"Michael Montgomery",8628,4869,sa454399,KCR,SP/RP,$4.21,$3,$8,8.451
"Anthony Desclafani",18419,13050,sa455459,CIN,SP,$4.21,$3,$13,70.07
"Brandon Workman",14924,11428,sa390373,BOS,RP,$4.20,$3,$11,97.183
"Robert Stephenson",18135,13594,sa597792,CIN,RP,$4.20,$3,$8,40.141
"Amir Garrett",23566,14375,sa599236,CIN,RP,$4.20,$3,$9,71.831
"Tommy Hunter",7114,1157,sa389446,FA,RP,$4.20,$3,$7,1.761
"Michael Lorenzen",18354,14843,sa548385,CIN,OF/RP,$4.20,$3,$10,29.93
"Delino Deshields Jr.",17933,11379,sa548171,TEX,OF,$4.19,$3,$9,16.901
"Chance Sisco",18451,15694,sa737615,BAL,C,$4.19,$3,$8,41.549
"Daniel Descalso",5597,8392,sa390375,CHC,2B,$4.18,$3,$6,3.873
"Steven Souza",5828,5667,sa389680,ARI,Util,$4.18,$3,$15,23.239
"Zack Collins",23619,19181,sa738390,CHW,C/1B,$4.18,$3,$9,35.211
"Harold Ramirez",18528,14387,sa660586,MIA,OF,$4.18,$3,$9,13.732
"Brett Anderson",2956,8223,sa326529,FA,SP,$4.18,$3,$42,20.07
"Chris Iannetta",7179,8267,sa254756,FA,C,$4.17,$3,$10,12.324
"Eric Thames",5119,3711,sa454785,FA,1B/OF,$4.17,$3,$16,57.746
"Tyler Beede",18369,16981,sa597784,SFG,SP,$4.17,$3,$11,16.549
"Joe Ross",18133,12972,sa597788,WSN,SP/RP,$4.17,$3,$14,8.451
"Matt Albers",513,4300,sa202157,FA,RP,$4.17,$3,$5,2.113
"Yadier Alvarez",18486,19387,sa868984,"LAD (AA)",Util,$4.17,$3,$5,2.113
"John Means",29666,16269,sa602859,BAL,SP,$4.16,$3,$11,63.732
"Tyler Flowers",3997,9134,sa326094,ATL,C,$4.15,$3,$12,34.507
"Matthew Adams",6302,9393,sa502166,FA,1B,$4.15,$3,$9,9.507
"Renato Nunez",18353,14503,sa596834,BAL,1B/3B,$4.15,$3,$10,79.93
"Yusmeiro Petit",1128,4020,sa244136,OAK,RP,$4.14,$3,$10,34.155
"Koda Glover",22781,17695,sa875213,WSN,RP,$4.14,$3,$7,2.465
"Chad Kuhl",19400,14975,sa737891,PIT,RP,$4.14,$3,$6,2.465
"William Harris",4176,3192,sa327058,FA,RP,$4.14,$3,$11,71.479
"Andrew Suarez",28856,18300,sa598260,SFG,SP/RP,$4.14,$3,$7,2.465
"Scott Alexander",14022,10591,sa526516,LAD,RP,$4.14,$3,$5,2.465
"Merrill Kelly",17763,11156,sa552177,ARI,SP,$4.14,$3,$11,47.887
"Devin Smeltzer",31548,19487,sa829638,MIN,SP/RP,$4.14,$3,$11,12.676
"Ty France",23201,17982,sa876140,SDP,1B/2B/3B,$4.14,$3,$7,25.352
"Mitch Moreland",15559,3086,sa390306,FA,1B,$4.14,$3,$9,28.169
"James McCann",18424,12859,sa577015,CHW,C,$4.13,$3,$10,81.338
"Taijuan Walker",14646,11836,sa548165,ARI,RP,$4.13,$3,$15,44.366
"Blake Swihart",18134,13176,sa597790,"ARI (AAA)",C/OF,$4.13,$3,$6,2.817
"John Gant",23569,13684,sa599212,STL,RP,$4.12,$3,$9,72.535
"Anthony Swarzak",3247,7466,sa254147,FA,RP,$4.12,$3,$13,23.239
"Jason Vargas",720,8044,sa262273,FA,SP,$4.12,$3,$9,8.803
"David Fletcher",22045,17992,sa858824,LAA,2B/SS/3B/OF,$4.12,$3,$10,84.155
"Michael Fiers",4834,7754,sa502128,OAK,SP,$4.12,$3,$10,54.225
"Reyes Moronta",28625,14966,sa597322,SFG,RP,$4.11,$3,$8,50
"Asher Wojciechowski",16205,10836,sa548167,BAL,SP,$4.11,$3,$8,6.338
"Aaron Bummer",29222,16258,sa599349,CHW,RP,$4.11,$3,$10,79.225
"Bryse Wilson",32589,19990,sa917958,ATL,SP/RP,$4.10,$3,$9,34.507
"Michel Baez",23852,20100,sa968132,SDP,RP,$4.10,$3,$8,21.479
"Johnny Cueto",1843,6893,sa295352,SFG,SP/RP,$4.08,$3,$13,81.69
"Daniel Hudson",9304,7146,sa454564,FA,RP,$4.05,$3,$8,19.366
"Joey Bart",33613,,sa3007786,"SFG (AA)",C,$4.04,$2,$17,94.718
"Sergio Romo",4103,9817,sa293981,FA,RP,$4.03,$3,$14,68.662
"Aledmys Diaz",18310,15937,sa803159,HOU,1B/2B/3B,$4.03,$3,$11,11.62
"Daniel Robertson",18399,14145,sa657854,TBR,2B/SS/3B,$4.03,$3,$7,11.972
"Alex Gordon",8622,5209,sa303361,FA,OF,$4.03,$3,$14,50.704
"Logan Forsythe",8112,7185,sa454417,FA,1B/2B/SS/3B,$4.03,$3,$7,13.732
"Jon Duplantier",23775,19546,sa874168,ARI,SP/RP,$4.02,$3,$9,49.648
"Mark Canha",14852,11445,sa526811,OAK,1B/OF,$4.02,$3,$12,91.197
"Jaylin Davis",31775,19552,sa875397,SFG,OF,$4.02,$3,$12,18.662
"Kevin Smith",31994,,sa915864,"TOR (AA)",SS,$4.00,$3,$5,0.704
"Jake Burger",23809,,sa915698,"CHW (A)",Util,$4.00,$4,$4,0.352
"Michael Feliz",13105,11903,sa557309,PIT,RP,$4.00,$3,$5,0.704
"Jose De Leon",18458,15463,sa738334,TBR,SP/RP,$4.00,$3,$8,22.183
"Geovany Soto",503,3707,sa201129,FA,Util,$4.00,$4,$4,0.352
"Chris Shaw",23599,17738,sa658778,SFG,1B/OF,$4.00,$3,$5,0.704
"Mickey Moniak",23639,,sa917920,"PHI (AA)",OF,$4.00,$2,$6,5.282
"Robbie Grossman",5031,5254,sa454705,OAK,OF,$4.00,$3,$7,2.817
"Harold Castro",28285,14691,sa596288,DET,2B/3B/OF,$4.00,$4,$4,0.352
"Jarrod Dyson",2759,4866,sa328207,FA,OF,$4.00,$3,$9,18.31
"Brock Burke",20985,17968,sa828798,TEX,SP,$4.00,$3,$8,9.155
"Matt Wisler",18273,12804,sa601046,MIN,SP/RP,$4.00,$3,$5,0.704
"Sean Hjelle",35474,,sa3007989,"SFG (AA)",SP,$4.00,$4,$4,0.352
"Victor Mendoza",18680,,sa722315,,1B,$4.00,$4,$4,0.352
"Frank Schwindel",19496,15351,sa738182,"DET (AAA)",1B,$4.00,$4,$4,0.352
"Matthew Festa",32648,19330,sa918041,SEA,RP,$4.00,$4,$4,0.704
"Connor Sadzeck",23668,13483,sa550247,SEA,RP,$4.00,$4,$4,0.352
"Tim Locastro",19544,15124,sa738248,ARI,OF,$4.00,$3,$5,0.704
"Bruce Maxwell",23686,13866,sa657933,"OAK (AAA)",C,$4.00,$3,$5,0.704
"Austin Beck",23797,,sa3004055,"OAK (A+)",OF,$4.00,$4,$4,0.352
"Josh Staumont",21978,18335,sa857581,KCR,SP/RP,$4.00,$4,$4,0.352
"Evan Longoria",1583,9368,sa326460,SFG,3B,$4.00,$3,$12,24.648
"Jared Walsh",20347,18607,sa827173,LAA,1B/RP,$4.00,$3,$5,1.408
"Brett Phillips",18441,14735,sa658005,KCR,OF,$4.00,$3,$5,1.408
"Jorge Bonifacio",13149,12174,sa547943,KCR,OF,$4.00,$3,$5,0.704
"Pedro Beato",2527,1330,sa326505,"PHI (AAA)",RP,$4.00,$4,$4,0.352
"Jacob Webb",21315,19274,sa829328,ATL,RP,$4.00,$3,$9,2.465
"John Hicks",23863,12547,sa546984,FA,C/1B,$4.00,$3,$5,3.521
"Anderson Espinoza",18543,,sa872856,"SDP (A)",SP,$4.00,$2,$7,1.408
"Brian Johnson",18418,14272,sa502329,BOS,SP/RP,$4.00,$4,$4,0.352
"Jimmie Sherfy",19406,15118,sa737897,ARI,RP,$4.00,$4,$4,0.352
"Yusniel Padron-Artilles",35513,,sa3008040,"BOS (A-)",SP/RP,$4.00,$4,$4,0.352
"Hudson Potts",32578,,sa917936,"SDP (AA)",3B,$4.00,$4,$4,0.352
"Justin Miller",4431,8580,sa454549,"WSN (AAA)",RP,$4.00,$3,$6,1.408
"David Bote",30682,14593,sa658323,CHC,2B/3B,$4.00,$3,$8,10.563
"Hanley Ramirez",12652,8001,sa201879,FA,Util,$4.00,$3,$5,0.704
"Edmundo Sosa",18890,17022,sa736859,STL,SS,$4.00,$4,$4,0.352
"Brett Baty",37181,,sa3010869,"NYM (A-)",3B,$4.00,$4,$4,0.352
"Dennis Santana",18985,17878,sa737018,LAD,SP/RP,$4.00,$3,$5,0.704
"Franklin Labour",32064,,sa916848,"SFG (A)",OF,$4.00,$4,$4,0.352
"Brad Wieck",31150,16390,sa659424,CHC,RP,$4.00,$4,$4,0.352
"Chad Bettis",13688,10587,sa390626,FA,RP,$4.00,$3,$5,0.704
"Carson Fulmer",18488,18311,sa658272,CHW,RP,$4.00,$3,$6,2.817
"Randy Ventura",22190,,sa872499,"CIN (A)",2B/OF,$4.00,$4,$4,0.352
"Jose Pirela",4412,5485,sa455905,FA,OF,$4.00,$3,$6,1.056
"Taylor Ward",22048,17548,sa858832,LAA,OF,$4.00,$3,$7,3.169
"Zack Burdi",23652,,sa856551,"CHW (AA)",RP,$4.00,$3,$5,1.056
"Lonnie Chisenhall",5349,7571,sa327138,"PIT (AAA)",Util,$4.00,$3,$8,2.113
"Derek Holland",5441,4141,sa328248,FA,SP/RP,$4.00,$3,$11,11.268
"CC Sabathia",15519,404,sa8700,FA,SP,$4.00,$3,$8,6.69
"Robert Dugger",32868,19191,sa918433,MIA,SP,$4.00,$3,$5,0.704
"Lewis Thorpe",18288,15906,sa739599,MIN,SP/RP,$4.00,$3,$6,1.408
"Devin Mesoraco",4479,5666,sa388411,NYM,Util,$4.00,$3,$5,0.704
"Eric Lauer",23696,19316,sa738156,SDP,SP,$3.99,$3,$8,29.225
"Nate Pearson",27059,,sa3005097,"TOR (AAA)",SP,$3.98,$2,$14,88.38
"Homer Bailey",1085,8362,sa262566,FA,SP,$3.98,$3,$15,44.014
"Bobby Witt Jr.",36668,,sa3011225,"KCR (R)",SS,$3.97,$2,$12,57.042
"Willi Castro",21708,17338,sa830274,DET,SS,$3.97,$3,$8,10.915
"Jasson Dominguez",37635,,,,Util,$3.97,$2,$11,42.254
"Colin Moran",18247,16909,sa621019,PIT,2B/3B,$3.96,$3,$9,18.662
"Robert Gsellman",18501,13696,sa599041,NYM,RP,$3.96,$3,$11,8.099
"Jonathan Lucroy",5188,7870,sa389306,FA,C,$3.96,$3,$14,23.592
"Austin Nola",28021,15941,sa577789,SEA,C/1B/2B,$3.95,$3,$12,34.859
"Giovanny Gallegos",31173,14986,sa659493,STL,RP,$3.95,$3,$10,95.07
"Robel Garcia",13855,13167,sa549647,CHC,2B/3B/OF,$3.95,$3,$10,6.69
"Randy Arozarena",23840,19290,sa914549,STL,OF,$3.94,$3,$7,10.915
"Jordan Zimmermann",6694,4505,sa389678,DET,SP,$3.93,$3,$5,4.93
"Sheldon Neuse",31475,19635,sa738949,OAK,2B/3B,$3.93,$3,$8,9.507
"Jake Fraley",31623,19260,sa857756,SEA,OF,$3.92,$3,$7,22.887
"Adbert Alzolay",18751,17859,sa735853,CHC,SP/RP,$3.92,$3,$9,17.958
"Carson Kelly",23714,13620,sa657963,ARI,C,$3.92,$3,$9,93.662
"Shawn Armstrong",18558,12857,sa598951,BAL,RP,$3.91,$3,$6,3.873
"Leonys Martin",18106,11846,sa491182,FA,OF,$3.91,$3,$7,3.873
"Garrett Richards",6308,9784,sa500789,SDP,SP/RP,$3.91,$3,$16,68.662
"Jarred Kelenic",33617,,sa3007741,"SEA (AA)",OF,$3.90,$2,$14,88.38
"Tommy Murphy",18450,13499,sa657946,SEA,C,$3.89,$3,$11,62.676
"Miguel Rojas",4475,7802,sa455627,MIA,SS,$3.88,$3,$7,5.986
"Anthony Kay",33684,20387,sa738470,TOR,SP/RP,$3.88,$3,$9,37.324
"Nick Margevicius",26623,20395,sa3004346,SDP,SP/RP,$3.88,$3,$6,5.634
"Sam Dyson",18461,11710,sa328073,FA,RP,$3.88,$3,$11,30.986
"Mark Trumbo",3302,6876,sa267844,FA,Util,$3.87,$3,$7,10.915
"Drew Smyly",18146,11760,sa548264,FA,SP,$3.87,$3,$8,8.099
"Jacob Diekman",5863,5003,sa392235,FA,RP,$3.86,$3,$8,41.197
"Hanser Alberto",13277,11902,sa551306,BAL,2B/3B,$3.86,$3,$13,34.859
"Pedro Baez",4879,5420,sa392144,LAD,RP,$3.86,$3,$10,64.437
"Jorge Lopez",18556,14527,sa597780,KCR,SP/RP,$3.86,$3,$4,2.465
"Nick Wittgren",23616,15594,sa621793,CLE,RP,$3.85,$3,$7,28.873
"Adam Wainwright",8739,2233,sa184098,STL,SP,$3.85,$3,$15,44.366
"Tarik Skubal",35204,,sa3007593,"DET (AA)",SP,$3.85,$2,$16,62.676
"Jordan Montgomery",21017,16511,sa828875,NYY,RP,$3.84,$3,$13,22.535
"Travis Demeritte",18469,15958,sa737533,DET,OF,$3.84,$3,$8,13.38
"Jose Osuna",12769,12937,sa546540,PIT,1B/3B/OF,$3.84,$3,$7,8.803
"Adam Morgan",18200,12580,sa577008,PHI,RP,$3.84,$3,$6,23.944
"Anthony Bass",4817,7982,sa454615,TOR,RP,$3.83,$3,$7,10.563
"Derek Law",18311,13133,sa502368,TOR,RP,$3.83,$3,$8,4.225
"Matt Shoemaker",4728,4776,sa468580,TOR,SP,$3.83,$3,$8,25
"Julio Rodriguez",33625,,sa3005720,"SEA (A+)",OF,$3.83,$2,$13,73.592
"Myles Straw",22922,17620,sa875569,HOU,SS/OF,$3.83,$3,$6,10.211
"Hunter Harvey",18283,15507,sa737510,BAL,SP/RP,$3.83,$3,$8,28.169
"Adam Conley",18316,14457,sa597781,MIA,RP,$3.82,$3,$5,5.986
"Darren O'Day",1984,3321,sa326491,ATL,RP,$3.82,$3,$6,3.873
"Yoan Lopez",22050,17181,sa862560,ARI,RP,$3.82,$3,$11,13.38
"Howie Kendrick",4119,4229,sa202111,WSN,1B/2B/3B,$3.81,$3,$8,73.944
"Trey Wingenter",31043,17793,sa659030,SDP,RP,$3.81,$3,$8,25.352
"Anthony Alford",18562,14329,sa657953,TOR,OF,$3.80,$3,$6,3.521
"Adam Cimber",19397,15288,sa737888,CLE,RP,$3.80,$3,$7,14.085
"Adrian Sampson",18475,13339,sa598288,TEX,SP/RP,$3.80,$3,$4,1.761
"Mauricio Dubon",19649,16530,sa738378,SFG,2B/SS,$3.80,$3,$7,29.577
"Wade Miley",8658,8779,sa454412,FA,SP,$3.80,$3,$8,64.085
"Ronald Guzman",18219,14388,sa659670,TEX,1B,$3.79,$3,$6,6.69
"Tyler Duffey",18530,13758,sa621630,MIN,RP,$3.79,$3,$8,25
"Matt Beaty",29680,17710,sa602895,LAD,1B/3B/OF,$3.79,$3,$8,9.859
"Darwinzon Hernandez",20683,19848,sa828318,BOS,SP/RP,$3.78,$3,$9,50.352
"Triston Mckenzie",22675,,sa874760,"CLE (A+)",SP,$3.78,$2,$9,65.845
"Jared Hughes",2628,9325,sa326699,FA,RP,$3.78,$3,$8,9.507
"Brock Holt",8668,9345,sa501543,FA,1B/2B/OF,$3.78,$3,$6,6.338
"Chris Martin",18455,11847,sa596330,ATL,RP,$3.78,$3,$9,23.592
"J.J. Bleday",37797,,sa3011642,"MIA (A+)",OF,$3.78,$2,$10,34.507
"Richard Rodriguez",13110,13549,sa548063,PIT,RP,$3.77,$3,$8,7.746
"Jalen Beeks",20427,17192,sa827439,TBR,RP,$3.77,$3,$8,38.38
"Ivan Nova",4105,1994,sa329133,FA,SP,$3.76,$3,$7,14.437
"Nick Madrigal",33618,,sa3008139,"CHW (AAA)",2B,$3.76,$2,$12,86.62
"Austin Voth",23605,15047,sa621465,WSN,SP,$3.76,$3,$8,15.845
"Andrew Chafin",18157,12988,sa597763,ARI,RP,$3.75,$3,$8,11.268
"Ryan Goins",6012,9807,sa501273,FA,2B/SS/3B,$3.75,$3,$6,1.408
"Jordan Luplow",20386,16424,sa827333,CLE,OF,$3.75,$3,$9,12.676
"Jacob Marisnick",13816,11339,sa501252,HOU,OF,$3.75,$3,$5,1.408
"Brandon Brennan",27887,13527,sa550121,SEA,RP,$3.75,$3,$8,11.268
"J.D. Hammer",31738,19548,sa874170,PHI,RP,$3.75,$3,$5,2.817
"Junior Guerra",8191,5702,sa244150,MIL,RP,$3.75,$3,$8,8.451
"Peter Fairbanks",20435,17998,sa827454,TBR,RP,$3.75,$3,$5,2.817
"Dexter Fowler",2306,4062,sa268667,STL,OF,$3.75,$3,$21,37.324
"Taylor Trammell",23750,,sa917943,"SDP (AA)",OF,$3.74,$2,$10,91.197
"Randy Dobnak",27170,23798,sa3005287,MIN,SP,$3.73,$3,$9,5.282
"Trent Thornton",22005,17948,sa857695,TOR,SP,$3.73,$3,$8,19.718
"Deivi Garcia",32067,,sa916944,"NYY (AAA)",SP/RP,$3.73,$2,$11,86.62
"Christian Vazquez",5723,9774,sa455056,BOS,C/1B,$3.73,$3,$10,86.62
"Dylan Carlson",32580,,sa917940,"STL (AAA)",OF,$3.73,$2,$10,88.732
"Alec Bohm",33609,,sa3007284,"PHI (AA)",1B/3B,$3.72,$2,$10,86.62
"Matt Thaiss",23645,19318,sa738522,LAA,1B/3B,$3.72,$3,$6,8.803
"John Brebbia",23842,12777,sa577972,STL,RP,$3.72,$3,$9,43.662
"Tyler Rogers",19904,15541,sa739036,SFG,RP,$3.71,$3,$5,2.465
"Ryne Harper",29287,12680,sa599485,MIN,RP,$3.71,$3,$6,2.465
"Matt Manning",23712,,sa917924,"DET (AA)",SP,$3.70,$2,$12,89.085
"Nick Burdi",18393,16074,sa599297,PIT,RP,$3.70,$3,$9,17.606
"Justin Dunn",23756,19268,sa738718,SEA,SP/RP,$3.70,$3,$8,34.859
"Freddy Galvis",5111,6609,sa392933,CIN,2B/SS,$3.69,$3,$8,51.408
"Adrian Morejon",23672,20039,sa969093,SDP,SP/RP,$3.69,$3,$6,19.014
"Brian Goodwin",18187,12858,sa501964,LAA,OF,$3.68,$3,$8,26.761
"Nick Ahmed",18352,12147,sa577767,ARI,SS,$3.68,$3,$10,50.352
"Jason Kipnis",8617,9776,sa454535,FA,2B,$3.67,$3,$9,32.394
"Ryne Stanek",18394,15947,sa548245,MIA,SP/RP,$3.67,$3,$7,35.563
"Jon Berti",28931,12037,sa598490,MIA,SS/3B/OF,$3.67,$3,$8,35.211
"Peter Lambert",22676,17969,sa874771,COL,SP,$3.67,$3,$5,3.169
"Jose Castillo",20044,17169,sa739762,SDP,RP,$3.67,$3,$8,22.183
"Victor Caratini",19285,14968,sa737618,CHC,C/1B,$3.67,$3,$14,14.789
"Jonathan Jay",1477,5227,sa326548,FA,OF,$3.67,$3,$5,2.113
"Edwin Jackson",15192,1841,sa201095,FA,SP/RP,$3.67,$3,$5,1.056
"Danny Hultzen",18117,12874,sa455118,CHC,RP,$3.67,$3,$6,2.113
"Wily Peralta",4824,7738,sa321735,FA,RP,$3.67,$3,$6,4.225
"Dylan Floro",27350,13394,sa502066,LAD,RP,$3.67,$3,$4,1.056
"Tony Kemp",18494,14894,sa708452,CHC,2B/OF,$3.67,$3,$5,1.056
"Kevin Maitan",23663,,sa969045,"LAA (A)",2B/3B,$3.67,$3,$5,1.056
"Matthew Joyce",3512,3353,sa291782,FA,OF,$3.67,$3,$7,3.169
"Neil Walker",3448,7539,sa254167,FA,1B/3B,$3.66,$3,$10,16.549
"Ji-Man Choi",14342,5452,sa549626,TBR,1B,$3.65,$3,$9,26.408
"Brian McCann",9446,4810,sa202311,FA,C,$3.65,$3,$6,20.07
"Oliver Perez",9744,1514,sa167996,CLE,RP,$3.65,$3,$7,5.986
"Nathan Jones",4593,4696,sa389187,TEX,RP,$3.65,$3,$10,10.915
"David Hernandez",1771,4259,sa295160,"NYY (AAA)",RP,$3.64,$3,$5,4.93
"Gregory Bird",18266,14131,sa597899,NYY,1B,$3.64,$3,$18,23.592
"Rowdy Tellez",18499,15679,sa738437,TOR,1B,$3.64,$3,$7,12.676
"Jesse Chavez",461,5448,sa202961,TEX,SP/RP,$3.64,$3,$8,3.873
"Kevin Ginkel",31509,19876,sa829213,ARI,RP,$3.63,$3,$8,28.873
"Dustin Pedroia",14855,8370,sa262284,BOS,Util,$3.63,$3,$6,2.817
"Jeff Hoffman",18364,17432,sa709602,COL,SP,$3.63,$3,$7,2.817
"Mike Leake",12609,10130,sa326846,ARI,SP,$3.62,$3,$7,10.211
"Elias Diaz",9574,11680,sa504943,PIT,C,$3.62,$3,$11,7.394
"Adam Haseley",23802,19878,sa915818,PHI,OF,$3.62,$3,$7,16.549
"Austin Romine",5324,5491,sa390355,FA,C,$3.62,$3,$5,4.577
"Roman Quinn",18212,13546,sa597773,PHI,OF,$3.60,$3,$5,1.761
"Anthony Banda",23630,14706,sa599510,TBR,SP/RP,$3.60,$3,$5,1.761
"Dom Nunez",19333,15055,sa737813,COL,C,$3.60,$3,$4,1.761
"Zach Green",30438,14973,sa657973,"SFG (AAA)",3B,$3.60,$3,$5,1.761
"Brent Suter",23829,13942,sa621681,MIL,RP,$3.60,$3,$9,7.042
"Yasmany Tomas",18412,17171,sa726539,"ARI (AAA)",1B/OF,$3.60,$3,$4,1.761
"Kyle Crick",18193,13182,sa597770,PIT,RP,$3.60,$3,$7,14.789
"Samuel Tuivailala",13869,13485,sa548262,SEA,RP,$3.60,$3,$7,14.789
"Marcus Walden",8106,8004,sa389195,BOS,RP,$3.57,$3,$7,21.479
"Tyler Naquin",18169,13359,sa502772,CLE,OF,$3.57,$3,$5,2.465
"Rafael Montero",18198,12760,sa597041,TEX,SP/RP,$3.57,$3,$5,2.465
"Jose Suarez",22236,19911,sa872545,LAA,SP,$3.56,$3,$6,3.169
"Trevor Gott",18484,15046,sa621611,SFG,RP,$3.56,$3,$5,3.169
"Roberto Perez",5950,2900,sa328422,CLE,C,$3.54,$3,$11,57.042
"Scott Barlow",28784,14993,sa597976,KCR,RP,$3.53,$3,$6,5.282
"Andrew Cashner",5268,8782,sa328029,FA,SP/RP,$3.53,$3,$9,6.69
"Josh Phegley",4579,9308,sa500784,OAK,C,$3.52,$3,$7,19.014
"Nick Gordon",18361,,sa828662,"MIN (AAA)",2B/SS,$3.51,$2,$6,13.028
"Jason Castro",5452,8722,sa454364,FA,C,$3.51,$3,$6,29.93
"Cameron Maybin",2207,5223,sa303002,FA,OF,$3.50,$3,$6,4.93
"Alec Mills",30759,13834,sa658528,CHC,SP/RP,$3.50,$3,$4,1.408
"Erik Swanson",21160,16587,sa829145,SEA,SP/RP,$3.50,$3,$5,2.113
"Jose Trevino",20399,16725,sa827368,TEX,C,$3.50,$3,$4,0.704
"Joe Barlow",33197,,sa919113,"TEX (AAA)",RP,$3.50,$3,$4,0.704
"Daniel Norris",18159,13475,sa597783,DET,SP,$3.50,$3,$7,5.634
"Yohander Mendez",23615,14391,sa657666,TEX,RP,$3.50,$3,$4,0.704
"Bryan Abreu",20900,16609,sa828588,HOU,SP/RP,$3.50,$3,$5,9.155
"Matt Wieters",7665,4298,sa388382,FA,C,$3.50,$3,$5,1.408
"Tyler Clippard",680,5640,sa244022,FA,RP,$3.50,$3,$6,4.225
"Felix Hernandez",15214,4772,sa244302,FA,SP,$3.50,$3,$6,2.113
"Tony Cingrani",18155,12555,sa597864,"LAD (A+)",RP,$3.50,$3,$5,2.113
"A.J. Cole",14940,11467,sa548284,FA,RP,$3.50,$3,$4,0.704
"Justin Shafer",18604,16132,sa708212,TOR,RP,$3.50,$3,$4,1.408
"Wander Suero",13190,15855,sa548041,WSN,RP,$3.50,$3,$8,16.901
"Richard Bleier",8139,7803,sa454724,BAL,RP,$3.50,$3,$4,0.704
"Yairo Munoz",23841,16313,sa657210,STL,SS/3B/OF,$3.50,$3,$5,2.113
"JoJo Romero",23818,,sa917955,"PHI (AAA)",SP,$3.50,$3,$4,0.704
"T.J. Zeuch",31428,19269,sa738498,TOR,SP/RP,$3.50,$3,$4,0.704
"Tanner Rainey",22690,17610,sa874808,WSN,RP,$3.50,$3,$5,4.225
"Rangel Ravelo",14239,10839,sa548335,STL,1B/OF,$3.50,$3,$4,0.704
"Yu-Cheng Chang",21709,14773,sa830276,CLE,2B/SS/3B,$3.50,$3,$4,1.408
"Nick Martini",28079,12005,sa578044,SDP,OF,$3.50,$3,$4,0.704
"Daniel Palka",23670,14897,sa549449,CHW,OF,$3.50,$3,$6,4.93
"Ryan Mcbroom",19796,16524,sa738641,KCR,1B/OF,$3.50,$3,$4,0.704
"Felix Pena",10205,13403,sa506724,LAA,SP/RP,$3.49,$3,$6,13.732
"Austin Slater",23784,16153,sa602692,SFG,1B/OF,$3.48,$3,$7,8.099
"Luis Rengifo",20291,19858,sa826671,LAA,2B/SS,$3.48,$3,$5,7.394
"Jake Rogers",31755,19452,sa874230,DET,C,$3.46,$3,$5,4.577
"Steven Duggar",20339,17719,sa827165,SFG,OF,$3.45,$3,$7,3.873
"Luis Patino",25735,,sa3002792,"SDP (AA)",SP,$3.45,$2,$9,76.056
"Albert Pujols",8741,1177,,LAA,1B,$3.44,$3,$5,9.507
"Jharel Cotton",18539,13654,sa599378,OAK,RP,$3.44,$2,$8,3.169
"Marco Luciano",33646,,sa3010022,"SFG (A-)",SS,$3.44,$2,$8,55.282
"Junior Fernandez",21831,18496,sa831812,STL,RP,$3.44,$3,$6,5.634
"Josh Taylor",21947,17359,sa842224,BOS,RP,$3.44,$3,$5,5.634
"Erick Fedde",18534,17425,sa599293,WSN,SP/RP,$3.43,$3,$5,2.465
"Jason Groome",23676,,sa917925,"BOS (A)",Util,$3.43,$2,$4,2.465
"Dane Dunning",23726,,sa738926,"CHW (AA)",Util,$3.43,$2,$6,2.465
"Hunter Greene",23824,,sa3005315,"CIN (A+)",SP,$3.43,$2,$8,41.901
"Michael Ford",18620,15585,sa708447,NYY,1B,$3.43,$3,$7,4.93
"Elieser Hernandez",30602,16933,sa658203,MIA,SP/RP,$3.42,$3,$7,9.155
"Corey Ray",23647,,sa738510,"MIL (AAA)",OF,$3.42,$2,$10,9.155
"Eric Sogard",5419,7927,sa390324,FA,2B/OF,$3.42,$3,$8,51.408
"Steven Brault",19444,15291,sa737937,PIT,SP/RP,$3.41,$3,$4,7.746
"Jeter Downs",23822,,sa3004615,"LAD (AA)",SS,$3.40,$2,$7,36.62
"Michael King",31751,19853,sa874220,NYY,SP/RP,$3.40,$3,$4,1.761
"Wade Leblanc",1979,5221,sa326535,FA,SP/RP,$3.40,$3,$5,3.521
"Jacob Waguespack",31060,18318,sa659056,TOR,SP,$3.40,$3,$4,1.761
"Alex Avila",18069,7476,sa454594,FA,C,$3.40,$3,$5,7.042
"Jake Cave",28789,14477,sa597983,MIN,OF,$3.38,$3,$5,4.577
"JaCoby Jones",18420,14818,sa549406,DET,OF,$3.38,$3,$8,9.155
"Leury Garcia",6063,5913,sa456103,CHW,SS/OF,$3.38,$3,$8,28.873
"Drew Waters",26648,,sa3004378,"ATL (AAA)",OF,$3.38,$2,$9,81.69
"Cory Gearrin",5679,7947,sa390412,FA,RP,$3.38,$3,$4,2.817
"Ryan Helsley",22651,18138,sa874172,STL,SP/RP,$3.36,$3,$5,3.873
"Matthew Moore",4914,1890,sa390623,FA,RP,$3.36,$3,$7,3.873
"Cristian Pache",32027,,sa916722,"ATL (AA)",OF,$3.35,$2,$10,89.085
"Pedro Severino",23866,14523,sa599084,BAL,C,$3.35,$3,$6,21.127
"Shaun Anderson",23687,19453,sa739018,SFG,SP/RP,$3.35,$3,$6,7.042
"Chaz Roe",2295,9866,sa294351,TBR,RP,$3.34,$3,$6,17.606
"Sean Reid-Foley",20927,17034,sa828690,TOR,SP,$3.33,$3,$6,3.169
"Phil Ervin",18270,14738,sa708965,CIN,OF,$3.33,$3,$6,5.282
"Jose Alvarez",6145,5358,sa393430,PHI,RP,$3.33,$3,$4,1.056
"David Bednar",31951,19569,sa915715,SDP,RP,$3.33,$3,$4,2.113
"Tim Lopes",30465,14137,sa658008,SEA,2B/3B/OF,$3.33,$3,$4,1.056
"Brian O'Grady",21158,16729,sa829143,CIN,1B/OF,$3.33,$3,$4,1.056
"Yonathan Daza",28456,15794,sa597083,COL,OF,$3.33,$3,$4,1.056
"Paul Fry",19479,15832,sa738159,BAL,RP,$3.33,$3,$4,1.056
"Nick Goody",23785,13685,sa599241,CLE,RP,$3.33,$3,$5,7.394
"Luis Cessa",10043,13345,sa506912,NYY,RP,$3.33,$3,$4,1.056
"Noelvi Marte",36030,,sa3008745,"SEA (R)",SS,$3.33,$2,$5,1.056
"Andrew Knizner",31629,19514,sa857827,STL,C,$3.33,$3,$6,4.225
"Robert Puason",37759,,,,Util,$3.33,$2,$5,1.056
"Lucas Sims",18173,13470,sa657914,CIN,SP/RP,$3.31,$3,$6,5.634
"Bubba Starling",18119,13356,sa597751,KCR,OF,$3.31,$3,$5,4.577
"Leody Taveras",23690,,sa912520,"TEX (AA)",OF,$3.30,$2,$6,7.042
"Jorge Mateo",18507,17273,sa657910,"OAK (AAA)",SS,$3.30,$2,$12,65.845
"Cesar Puello",8575,7216,sa455741,"MIA (AAA)",OF,$3.29,$3,$4,2.465
"Justin Anderson",21312,16201,sa829323,LAA,RP,$3.29,$3,$4,2.465
"Reese McGuire",18295,15674,sa737505,TOR,C,$3.28,$3,$5,8.803
"David Freese",1975,9549,sa327063,FA,1B,$3.27,$3,$5,3.873
"Patrick Sandoval",22876,19447,sa875337,LAA,SP,$3.27,$3,$5,15.845
"Dawel Lugo",23702,14713,sa659207,DET,3B,$3.25,$3,$4,1.408
"James Marvel",31056,19675,sa659052,PIT,SP/RP,$3.25,$3,$4,1.408
"Martin Maldonado",2792,6887,sa254445,FA,C,$3.25,$3,$5,5.634
"Jose Iglesias",5098,10231,sa519724,FA,SS,$3.25,$3,$6,5.634
"Albert Abreu",20720,17485,sa828366,"NYY (AA)",SP,$3.25,$2,$5,1.408
"Caleb Ferguson",21599,19349,sa829827,LAD,RP,$3.23,$3,$4,4.577
"Keibert Ruiz",22219,19610,sa872528,"LAD (AA)",C,$3.23,$2,$9,69.366
"Vidal Brujan",22330,,sa872786,"TBR (AA)",2B/SS,$3.21,$2,$10,76.408
"Ian Anderson",23650,,sa917921,"ATL (AAA)",SP,$3.20,$2,$9,90.493
"Andrew Kittredge",27995,12828,sa577676,TBR,SP/RP,$3.20,$3,$4,1.761
"Austin Allen",22718,18083,sa875025,SDP,C,$3.20,$3,$4,1.761
"Sam Gaviglio",28755,12778,sa597888,TOR,RP,$3.20,$3,$4,1.761
"Brandon Marsh",23868,,sa917944,"LAA (AA)",OF,$3.20,$2,$8,5.282
"Joe Biagini",23614,13194,sa599307,HOU,RP,$3.20,$3,$5,3.521
"Alec Hansen",23631,,sa738344,"CHW (AA)",RP,$3.20,$2,$4,1.761
"Luis Perdomo",23671,14682,sa597248,SDP,RP,$3.20,$3,$4,1.761
"Cristian Javier",22694,,sa874816,"HOU (AAA)",SP/RP,$3.19,$2,$7,16.549
"Nolan Gorman",33623,,sa3007017,"STL (A+)",3B,$3.18,$2,$7,72.887
"Oneil Cruz",32291,,sa917318,"PIT (AA)",SS,$3.18,$2,$11,32.042
"Spencer Howard",26964,,sa3004923,"PHI (AA)",SP,$3.17,$2,$10,48.592
"Ke'Bryan Hayes",18548,,sa874730,"PIT (AAA)",3B,$3.17,$2,$8,77.113
"Melky Cabrera",8873,4022,sa244113,FA,OF,$3.17,$3,$5,4.225
"Pablo Sandoval",2125,5409,sa254551,FA,1B/3B,$3.17,$3,$4,2.113
"Francisco Liriano",7529,3201,sa200741,FA,RP,$3.17,$3,$4,2.113
"Wilmer Font",6065,5257,sa393253,TOR,SP/RP,$3.15,$3,$5,4.577
"Brandon Dixon",19298,15214,sa737637,DET,1B/OF,$3.14,$3,$4,2.465
"Tony Wolters",14908,11470,sa548197,COL,C,$3.11,$3,$5,6.338
"Josiah Gray",33683,,sa3007475,"LAD (AA)",SP,$3.08,$2,$7,25
"Seth Beer",33608,,sa3006658,"ARI (AA)",1B/OF,$3.08,$2,$10,54.93
"Jesus Sanchez",22331,,sa872787,"MIA (AAA)",OF,$3.04,$2,$9,61.62
"Nolan Jones",23870,,sa917941,"CLE (AA)",3B,$3.01,$2,$7,51.761
"CJ Abrams",36922,,sa3010152,"SDP (A)",SS,$3.01,$2,$7,31.338
"Robert Erlin",6066,10354,sa501223,FA,RP,$3.00,$3,$3,2.817
"Dustin Garneau",11636,9433,sa502010,"OAK (AAA)",C,$3.00,$3,$3,0.352
"Chad Wallach",27915,17161,sa550207,MIA,C,$3.00,$3,$3,0.704
"Jandel Gustave",13446,14665,sa550624,SFG,RP,$3.00,$3,$3,0.704
"Skye Bolt",30900,17723,sa658783,OAK,OF,$3.00,$3,$3,0.704
"Robert Stock",6280,6576,sa500827,PHI,SP/RP,$3.00,$3,$3,0.352
"Eric Skoglund",23730,16155,sa598268,KCR,SP/RP,$3.00,$3,$3,0.352
"Steve Wilkerson",27763,16041,sa549210,BAL,2B/OF,$3.00,$3,$3,0.352
"Ronald Bolanos",25611,20041,sa3002595,SDP,SP/RP,$3.00,$3,$3,1.056
"Pablo Reyes",30102,16357,sa657423,PIT,OF,$3.00,$3,$3,0.352
"Alejandro Kirk",27207,,sa3005337,"TOR (A+)",C,$3.00,$3,$3,0.352
"Jhailyn Ortiz",23575,,sa920180,"PHI (A+)",OF,$3.00,$3,$3,0.352
"Eddy Diaz",27003,,sa3004979,"COL (R)",Util,$3.00,$3,$3,0.352
"Aaron Loup",6008,10343,sa501580,FA,RP,$3.00,$3,$3,0.704
"Thomas Pannone",30980,17281,sa658922,TOR,SP/RP,$3.00,$3,$3,1.056
"Erik Gonzalez",9984,13369,sa506001,PIT,SS/3B/OF,$3.00,$3,$3,0.352
"Drew VerHagen",28076,13424,sa578024,DET,SP/RP,$3.00,$3,$3,1.056
"Yennsy Diaz",22544,20218,sa873331,TOR,SP/RP,$3.00,$3,$3,0.352
"Nestor Cortes",19816,17874,sa738684,NYY,SP/RP,$3.00,$3,$3,0.352
"Franklin Perez",22628,,sa873722,,Util,$3.00,$2,$4,0.704
"Stephen Vogt",4906,5000,sa389784,FA,C/OF,$3.00,$3,$3,0.704
"Nick Tropeano",18401,12385,sa577919,"LAA (AAA)",SP/RP,$3.00,$3,$3,0.352
"Tim Lincecum",935,5705,sa326472,"TEX (AAA)",RP,$3.00,$3,$3,0.704
"Daulton Varsho",23833,,sa3002838,"ARI (AA)",C,$3.00,$2,$9,33.451
"Tony Sipp",3396,8280,sa262542,FA,RP,$3.00,$3,$3,0.352
"Tyler Stephenson",22654,,sa874242,"CIN (AA)",C,$3.00,$3,$3,0.704
"Blake Whitney",35460,,sa3007966,"CHC (A)",RP,$3.00,$3,$3,0.352
"Elliot Ashbeck",22976,,sa875665,"SDP (AA)",SP/RP,$3.00,$3,$3,0.352
"Stephen Nogosek",31689,19545,sa873682,NYM,RP,$3.00,$3,$3,0.352
"Abraham Almonte",4422,5486,sa392419,FA,OF,$3.00,$3,$3,0.352
"Conner Menez",32789,19199,sa918322,SFG,SP/RP,$3.00,$3,$3,0.704
"David Hess",21303,16130,sa829314,BAL,SP/RP,$3.00,$3,$3,1.056
"Wilmer Difo",13457,14320,sa551022,WSN,2B/SS,$3.00,$3,$3,0.704
"Lane Thomas",21041,16939,sa828962,STL,OF,$3.00,$3,$3,1.056
"Joe Palumbo",19705,17035,sa738453,TEX,SP/RP,$3.00,$3,$3,1.761
"Timothy Melville",8629,9149,sa454515,COL,SP,$3.00,$3,$3,0.352
"Donovan Solano",2885,8623,sa291100,SFG,2B/SS,$3.00,$3,$3,0.352
"Juan Lagares",2387,5384,sa381345,FA,OF,$3.00,$3,$3,0.704
"Dylan Covey",23769,14825,sa548176,CHW,SP/RP,$3.00,$3,$3,0.352
"Ethan DeCaster",35291,,sa3007732,"DET (AA)",RP,$3.00,$3,$3,0.352
"Odrisamer Despaigne",18339,16017,sa724024,"CHW (AAA)",SP/RP,$3.00,$3,$3,0.352
"Rajai Davis",462,3708,sa201169,FA,OF,$3.00,$3,$3,0.352
"Troy Tulowitzki",8035,3531,sa290121,"NYY (A+)",SS,$3.00,$3,$3,1.056
"J.T. Riddle",23772,17642,sa550025,MIA,SS/OF,$3.00,$3,$3,0.352
"Rylan Bannon",26492,,sa3004162,"BAL (AAA)",2B/3B,$3.00,$3,$3,0.352
"Jay Jackson",5589,7432,sa455049,FA,RP,$3.00,$3,$3,0.352
"Tyler Thornburg",13957,10688,sa526839,"BOS (AAA)",RP,$3.00,$3,$3,0.704
"Edinson Volquez",1604,3990,sa244349,FA,SP/RP,$3.00,$3,$3,0.352
"Julio Pablo Martinez",33603,,sa3005607,"TEX (A+)",OF,$3.00,$3,$3,0.352
"Kelvin Gutierrez",18886,17468,sa736855,KCR,3B,$3.00,$3,$3,0.352
"Brayan Rocchio",33650,,sa3005898,"CLE (A-)",SS,$3.00,$2,$5,1.056
"Dylan Moore",22757,18042,sa875186,SEA,2B/SS/3B/OF,$3.00,$3,$3,1.056
"Brett Kennedy",22894,17877,sa875359,"SDP (AAA)",RP,$3.00,$3,$3,0.352
"Silvino Bracho",18553,15051,sa657737,ARI,RP,$3.00,$3,$3,0.704
"Cionel Perez",23709,19614,sa954181,HOU,SP/RP,$3.00,$3,$3,0.352
"Ramon Urias",28514,18795,sa597169,"STL (AAA)",2B/3B,$3.00,$3,$3,0.352
"Adam Kolarek",14296,10843,sa549067,LAD,RP,$3.00,$3,$3,1.408
"David McKay",31415,19814,sa738438,DET,RP,$3.00,$3,$3,0.352
"Mitch White",23770,,sa917948,"LAD (AAA)",SP,$3.00,$3,$3,0.352
"David Mayfield",19954,15402,sa739543,HOU,2B/SS/3B,$3.00,$3,$3,0.352
"Pavin Smith",23808,,sa829595,"ARI (AA)",1B/OF,$3.00,$2,$4,0.704
"Charlie Culberson",7578,3298,sa389929,ATL,1B/SS/OF,$3.00,$3,$3,0.704
"Kyle Glogoski",35129,,sa3007464,"PHI (A+)",SP/RP,$3.00,$3,$3,0.352
"Drew Anderson",30833,15130,sa658613,"PHI (AAA)",SP/RP,$3.00,$3,$3,0.352
"Alex Jackson",18362,17276,sa828663,ATL,C,$3.00,$3,$3,1.056
"Javier Guerra",18526,17292,sa736916,SDP,RP,$3.00,$3,$3,0.704
"Sam Haggerty",22041,18054,sa858804,NYM,2B/OF,$3.00,$3,$3,0.352
"Michael Freeman",14594,11241,sa503146,CLE,2B/SS/3B,$3.00,$3,$3,0.352
"Cheslor Cuthbert",14046,10473,sa549634,KCR,1B/3B,$3.00,$3,$3,2.817
"Ryan Mckenna",22730,,sa875055,"BAL (AA)",OF,$3.00,$3,$3,0.352
"Kyle Zimmer",18161,14169,sa621583,KCR,SP/RP,$3.00,$3,$3,0.352
"Samuel Coonrod",20456,17264,sa827483,SFG,RP,$3.00,$3,$3,0.352
"Curt Casali",18512,12510,sa545020,CIN,C,$3.00,$3,$3,0.352
"Heath Hembree",14736,11632,sa548437,BOS,RP,$3.00,$3,$3,0.352
"Will Benson",23632,,sa917927,"CLE (A+)",OF,$3.00,$3,$3,0.704
"Alex Gonzalez",18404,14663,sa709714,COL,SP,$3.00,$3,$3,0.352
"Jordan Sheffield",31403,,sa738245,"LAD (AA)",RP,$3.00,$3,$3,0.352
"Steve Lombardozzi",17713,5422,sa455421,"OAK (AAA)",Util,$3.00,$3,$3,0.352
"Adam Liberatore",13604,10637,sa549498,"LAD (AAA)",RP,$3.00,$3,$3,0.352
"Brad Miller",18156,12775,sa597769,FA,2B/3B/OF,$3.00,$3,$3,0.704
"Wander Javier",23819,,sa917168,"MIN (A)",SS,$3.00,$3,$3,0.352
"Duane Underwood",23636,14677,sa657936,CHC,SP/RP,$3.00,$3,$3,1.408
"Taylor Clarke",22692,17611,sa874810,ARI,SP/RP,$3.00,$3,$3,0.352
"Terrance Gore",18403,13658,sa598827,"NYY (AAA)",OF,$3.00,$3,$3,0.352
"Connor Wong",31713,,sa873978,"LAD (AA)",C,$3.00,$3,$3,0.352
"Neil Ramirez",6054,7677,sa389925,FA,RP,$3.00,$3,$3,0.352
"Glenn Sparkman",18400,15200,sa738220,KCR,SP/RP,$3.00,$3,$3,0.704
"LaMonte Wade",21964,18126,sa856280,MIN,OF,$3.00,$3,$3,0.704
"Aramis Garcia",23774,16925,sa599195,SFG,C/1B,$3.00,$3,$3,0.352
"Jahmai Jones",22689,,sa874807,"LAA (AA)",2B,$3.00,$3,$3,0.352
"Jordan Romano",21170,16122,sa829155,TOR,RP,$3.00,$3,$3,0.704
"Artie Reyes",19897,,sa739006,"TBR (AAA)",SP/RP,$3.00,$3,$3,0.352
"Pedro Payano",31029,18313,sa658997,"TEX (AAA)",SP/RP,$3.00,$3,$3,0.704
"Douglas Fister",1554,9425,sa326818,FA,RP,$3.00,$3,$3,0.352
"Tim Mayza",18625,15042,sa708779,TOR,RP,$3.00,$3,$3,1.056
"Aaron Barrett",13631,11243,sa455435,WSN,RP,$3.00,$3,$3,0.352
"Guillermo Heredia",23683,18721,sa724029,TBR,OF,$3.00,$3,$3,0.352
"Daniel Mendick",22863,18889,sa875320,CHW,2B/SS/3B,$3.00,$3,$3,0.352
"Craig Gentry",2902,9571,sa327083,"COL (AAA)",Util,$3.00,$3,$3,0.352
"Mark Reynolds",1349,7619,sa253814,FA,1B,$3.00,$3,$3,1.056
"Rio Ruiz",18331,14103,sa657980,BAL,1B/3B,$3.00,$3,$3,0.704
"Jacob Wilson",30564,,sa658158,"WSN (AAA)",3B,$3.00,$3,$3,0.352
"Simeon Woods Richardson",35742,,sa3008423,"TOR (A+)",SP,$3.00,$2,$5,1.761
"Ariel Jurado",19189,17030,sa737364,TEX,SP/RP,$3.00,$3,$3,1.056
"Charlie Tilson",23719,12983,sa597793,"CHW (AAA)",OF,$3.00,$3,$3,0.704
"Noe Ramirez",28773,12800,sa597961,LAA,SP/RP,$3.00,$3,$3,0.704
"Andrew Moore",22691,17553,sa874809,"SEA (AAA)",SP/RP,$3.00,$3,$3,0.352
"Brett Conine",35499,,sa3008024,"HOU (AA)",SP/RP,$3.00,$3,$3,0.352
"Matt Pierpont",19638,,sa738366,"COL (AAA)",RP,$3.00,$3,$3,0.352
"David Freitas",13634,10619,sa549143,MIL,C/1B,$3.00,$3,$3,0.352
"Curtis Granderson",7790,4747,sa202398,FA,OF,$3.00,$3,$3,0.704
"Aaron Brooks",18519,12272,sa598236,FA,SP/RP,$3.00,$3,$3,0.352
"Hoby Milner",27458,13346,sa503539,FA,RP,$3.00,$3,$3,0.352
"Genesis Cabrera",20861,17490,sa828534,STL,SP/RP,$3.00,$3,$3,1.408
"Hildemaro Vargas",16191,13324,sa504705,ARI,2B/3B,$3.00,$3,$3,0.352
"Chad Sobotka",20416,17470,sa827407,ATL,RP,$3.00,$3,$3,0.352
"Wilkin Castillo",1338,5124,sa253817,"MIA (AAA)",C,$3.00,$3,$3,0.352
"Miguel Castro",18431,15684,sa660043,BAL,RP,$3.00,$3,$3,0.704
"Thad Ward",35549,,sa3008098,"BOS (A+)",SP,$3.00,$3,$3,0.352
"Kyle Farmer",29790,14813,sa620958,CIN,C/1B/2B/3B,$3.00,$3,$3,0.352
"Daniel Altavilla",20455,16507,sa827482,SEA,RP,$3.00,$3,$3,0.352
"Colten Brewer",28729,12997,sa597829,BOS,RP,$3.00,$3,$3,0.704
"Elvis Luciano",25939,20632,sa3003029,TOR,RP,$3.00,$3,$3,0.352
"Jorge Guzman",22308,,sa872759,"MIA (AA)",SP,$3.00,$2,$4,0.704
"Sal Romano",23748,13690,sa599266,CIN,SP/RP,$3.00,$3,$3,0.352
"Hunter Wood",30973,15091,sa658913,CLE,RP,$3.00,$3,$3,0.352
"Matthew Bowman",18411,13528,sa658240,CIN,RP,$3.00,$3,$3,0.352
"Gerardo Reyes",21633,16306,sa829912,SDP,RP,$3.00,$3,$3,0.704
"Ray Black",23581,14244,sa579473,MIL,RP,$3.00,$3,$3,1.761
"Buck Farmer",18402,14814,sa503628,DET,RP,$3.00,$3,$3,0.352
"Tyrone Taylor",18254,13675,sa657979,MIL,OF,$3.00,$3,$3,0.352
"Rony Garcia",32644,,sa918036,"NYY (AA)",SP,$3.00,$3,$3,0.352
"Bubba Thompson",26473,,sa3004140,"TEX (A+)",OF,$3.00,$3,$3,0.352
"Chasen Bradford",29333,12452,sa599551,FA,RP,$3.00,$3,$3,0.352
"Martin Prado",3417,3312,sa244153,FA,1B/3B,$3.00,$3,$3,0.352
"Matthew Szczur",14606,11255,sa389959,"ARI (AAA)",OF,$3.00,$3,$3,0.352
"Kyle Ryan",14099,11753,sa549101,CHC,RP,$3.00,$3,$3,2.817
"Kevan Smith",23873,12284,sa599392,LAA,C,$3.00,$3,$3,0.704
"Oliver Drake",4697,8823,sa462416,TBR,RP,$3.00,$3,$3,1.056
"Daniel Zamora",30856,17811,sa658641,NYM,RP,$3.00,$3,$3,0.352
"Riley Pint",23627,,sa917922,"COL (A)",RP,$3.00,$3,$3,0.352
"Eric Haase",29522,14111,sa601042,CLE,C,$3.00,$3,$3,0.704
"Hector Santiago",4588,4026,sa328481,FA,SP/RP,$3.00,$3,$3,0.704
"Elijah Morgan",31983,,sa915827,"CLE (AA)",SP,$3.00,$3,$3,0.352
"Ryan Mountcastle",22670,,sa874734,"BAL (AAA)",1B/OF,$2.94,$1,$10,77.113
"Estevan Florial",22663,,sa874464,"NYY (A+)",OF,$2.94,$2,$6,27.465
"Riley Greene",36509,,sa3010694,"DET (A)",OF,$2.89,$2,$17,16.549
"Khalil Lee",23698,,sa917996,"KCR (AA)",OF,$2.89,$2,$6,3.169
"Jonathan India",33619,,sa3008178,"CIN (AA)",3B,$2.89,$2,$12,46.479
"Heliot Ramos",23834,,sa3004693,"SFG (AA)",OF,$2.88,$2,$7,30.282
"Jarren Duran",33685,,sa3006786,"BOS (AA)",OF,$2.88,$2,$6,5.634
"Daz Cameron",18511,,sa874736,"DET (AAA)",OF,$2.86,$2,$5,4.93
"Trevor Larnach",33622,,sa3008376,"MIN (AA)",OF,$2.85,$2,$7,43.31
"Yusniel Diaz",23572,,sa912848,"BAL (AA)",OF,$2.83,$2,$6,32.394
"Matthew Liberatore",33611,,sa3008163,"TBR (A)",SP,$2.81,$2,$8,24.296
"Shane Baz",23794,,sa3004765,"TBR (A)",SP,$2.81,$2,$8,7.394
"Luisangel Acuna",36048,,sa3008765,"TEX (R)",SS,$2.80,$2,$4,1.761
"Brent Rooker",23793,,sa3003172,"MIN (AAA)",OF,$2.79,$2,$4,8.451
"Kristian Robinson",33632,,sa3006884,"ARI (A)",OF,$2.76,$2,$7,52.113
"Logan Gilbert",33682,,sa3008598,"SEA (AA)",SP,$2.75,$2,$8,54.577
"Clarke Schmidt",33679,,sa3007582,"NYY (AA)",SP,$2.75,$2,$6,4.225
"Ethan Hankins",33673,,sa3008589,"CLE (A)",SP,$2.75,$2,$3,1.408
"Josh Jung",37786,,sa3011468,"TEX (A)",3B,$2.74,$2,$5,10.915
"Grayson Rodriguez",33612,,sa3008130,"BAL (A)",SP,$2.73,$2,$8,23.239
"George Valera",33605,,sa3006872,"CLE (A)",OF,$2.71,$2,$6,27.465
"Jasrado Chisholm",23762,,sa919327,"MIA (AA)",SS,$2.70,$2,$9,42.606
"Ka'Ai Tom",22740,,sa875069,"CLE (AAA)",OF,$2.67,$2,$3,1.056
"Roberto Ramos",21213,,sa829199,"COL (AAA)",1B,$2.67,$2,$3,1.056
"Beau Burrows",18567,,sa874682,"DET (AAA)",SP,$2.67,$2,$3,1.056
"Colton Welker",23869,,sa917962,"COL (AA)",1B/3B,$2.65,$2,$5,5.986
"Brady Singer",33620,,sa3008613,"KCR (AA)",SP,$2.63,$2,$5,18.31
"Jordan Balazovic",32627,,sa918017,"MIN (AA)",SP,$2.63,$2,$6,25
"Bobby Dalbec",23755,,sa857701,"BOS (AAA)",1B/3B,$2.63,$2,$5,12.324
"Tyler Freeman",26882,,sa3004755,"CLE (A+)",SS,$2.60,$2,$4,1.761
"Victor Victor Mesa",33658,,sa3008602,"MIA (AA)",OF,$2.59,$2,$5,9.507
"Monte Harrison",20928,,sa828691,"MIA (AAA)",OF,$2.59,$2,$7,19.718
"Shane McClanahan",33647,,sa3008547,"TBR (AA)",SP,$2.59,$2,$5,5.986
"DJ Peters",23857,,sa829712,"LAD (AAA)",OF,$2.56,$2,$4,5.634
"Daniel Johnson",32628,,sa918018,"CLE (AAA)",OF,$2.55,$2,$4,3.873
"Nick Lodolo",36686,,sa917947,"CIN (R)",SP,$2.54,$2,$5,14.437
"Xavier Edwards",33645,,sa3007018,"SDP (A+)",2B/SS,$2.53,$2,$4,5.986
"Angel Rondon",32572,,sa917908,"STL (AA)",SP,$2.50,$2,$3,0.704
"William Contreras",22391,,sa872847,"ATL (A+)",C,$2.50,$2,$3,2.817
"Sherten Apostel",32329,,sa917364,"TEX (A+)",3B,$2.50,$2,$3,1.408
"Jose Siri",18943,,sa736940,"CIN (AAA)",OF,$2.50,$2,$3,0.704
"Trey Supak",20941,17579,sa828707,"MIL (AAA)",SP,$2.50,$2,$3,0.704
"Luis Garcia",33548,,sa962605,"WSN (AA)",2B/SS,$2.50,$2,$5,11.972
"Jackson Rutledge",37702,,sa3011338,"WSN (A)",SP,$2.50,$2,$3,0.704
"Geraldo Perdomo",26198,,sa3003290,"ARI (A+)",SS,$2.50,$2,$3,0.704
"Wander Franco",20523,,sa828125,"SFG (A)",Util,$2.50,$2,$4,2.113
"Seth Corry",26798,,sa3004648,"SFG (A-)",SP,$2.50,$2,$3,0.704
"Alexander Pantuso",35322,,sa3007782,"OAK (A-)",RP,$2.50,$2,$3,0.704
"Seuly Matias",32125,,sa917039,"KCR (A+)",OF,$2.50,$1,$3,1.408
"Blake Rutherford",23658,,sa917932,"CHW (AA)",OF,$2.50,$2,$3,0.704
"Zach Reks",26496,,sa3004166,"LAD (AAA)",OF,$2.50,$2,$3,0.704
"Nick Neidert",22685,,sa874797,"MIA (AAA)",SP,$2.50,$2,$3,0.704
"Kris Bubic",35566,,sa3008128,"KCR (A+)",SP,$2.47,$2,$5,6.69
"Brennen Davis",33675,,sa3007876,"CHC (A)",OF,$2.47,$2,$6,5.986
"Triston Casas",33651,,sa3007634,"BOS (A+)",1B,$2.47,$2,$5,5.282
"DL Hall",27165,,sa3005282,"BAL (A+)",SP,$2.46,$2,$4,8.451
"Adonis Medina",21855,,sa832877,"PHI (AA)",SP,$2.45,$2,$4,7.042
"Alek Thomas",33681,,sa3006892,"ARI (A+)",OF,$2.44,$2,$3,6.338
"Isaac Paredes",23831,,sa920275,"DET (AA)",SS/3B,$2.44,$2,$4,8.803
"Andres Gimenez",23705,,sa917114,"NYM (AA)",SS,$2.44,$2,$4,5.634
"Jordan Groshans",33638,,sa3006893,"TOR (A)",SS,$2.43,$2,$4,8.099
"Joe Ryan",35196,,sa3007584,"TBR (AA)",SP,$2.43,$2,$4,8.099
"Daulton Jefferies",31478,,sa738964,"OAK (AA)",SP/RP,$2.43,$2,$5,4.93
"Ronny Mauricio",33640,,sa3006887,"NYM (A)",SS,$2.42,$2,$5,9.155
"Damon Jones",26939,,sa3004862,"PHI (AAA)",SP,$2.38,$2,$4,5.634
"Luis Campusano",26404,,sa3004041,"SDP (A+)",C,$2.38,$2,$3,2.817
"James Kaprielian",23570,18331,sa658943,"OAK (A+)",SP,$2.36,$2,$5,3.873
"Tucker Davidson",32842,,sa918393,"ATL (AA)",SP,$2.33,$2,$3,2.113
"Ben Bowden",31702,,sa873701,"COL (AAA)",RP,$2.33,$2,$3,1.056
"Miguel Amaya",32321,,sa917354,"CHC (A+)",C,$2.33,$2,$3,1.056
"Hunter Bishop",37634,,sa3011413,"SFG (A-)",OF,$2.33,$2,$4,5.282
"Evan White",23798,,sa915774,"SEA (AA)",1B,$2.30,$2,$5,13.028
"Jose Rojas",33151,,sa918928,"LAA (AAA)",2B/3B,$2.29,$2,$3,2.465
"Taylor Widener",32756,,sa918271,"ARI (AAA)",SP,$2.27,$2,$3,3.873
"J.B. Bukauskas",31514,,sa829263,"ARI (AA)",SP/RP,$2.27,$2,$3,3.873
"Edward Cabrera",33325,,sa920423,"MIA (AA)",SP,$2.25,$2,$4,4.225
"Tyler Nevin",22671,,sa874752,"COL (AA)",1B,$2.25,$2,$3,1.408
"Jake Cronenworth",22004,,sa857694,"TBR (AAA)",SS/SP,$2.20,$2,$3,1.761
"Zac Lowther",31923,,sa915645,"BAL (AA)",SP,$2.20,$2,$3,1.761
"Durbin Feltman",33626,,sa3007959,"BOS (AA)",RP,$2.17,$2,$3,2.113
"Alex Faedo",23858,,sa829855,"DET (AA)",SP,$2.17,$1,$3,2.113
"Brailyn Marquez",32620,,sa918004,"CHC (A+)",SP,$2.17,$2,$3,6.338
"Alek Manoah",37807,,sa3011725,"TOR (A-)",SP,$2.17,$2,$3,2.113
"Michael Baumann",31553,,sa829681,"BAL (AA)",SP,$2.14,$2,$3,2.465
"Travis Swaggerty",33615,,sa3007512,"PIT (A+)",OF,$2.14,$2,$3,2.465
"Josh Lowe",23752,,sa917926,"TBR (AA)",OF,$2.14,$2,$3,2.465
"Sam Huff",32653,,sa918046,"TEX (A+)",C,$2.13,$2,$3,5.634
"Ljay Newsome",23079,,sa875837,"SEA (AA)",SP,$2.13,$2,$3,2.817
"Corbin Carroll",37182,,sa3010593,"ARI (A-)",OF,$2.08,$2,$3,4.225
"Alex Wells",33219,,sa919319,"BAL (AA)",SP,$2.00,$2,$2,0.352
"Calvin Mitchell",26564,,sa3004258,"PIT (A+)",OF,$2.00,$2,$2,0.352
"Isaac Mattson",31933,,sa915667,"LAA (AAA)",RP,$2.00,$2,$2,0.352
"Ronaldo Hernandez",23509,,sa881850,"TBR (A+)",C,$2.00,$2,$2,0.704
"Cole Winn",33633,,sa3008662,"TEX (A)",SP,$2.00,$2,$2,0.352
"Alexander Canario",26224,,sa3003316,"SFG (A-)",OF,$2.00,$2,$2,0.704
"Luis Castro",18955,,sa736954,"MIL (AA)",1B,$2.00,$2,$2,0.704
"Kyle Muller",32575,,sa917931,"ATL (AA)",SP,$2.00,$2,$2,0.704
"Luis Gil",23373,,sa877821,"NYY (A+)",SP,$2.00,$2,$2,0.704
"Jacoby Ellsbury",3536,4727,sa294691,NYY,Util,$2.00,$2,$2,0.352
"Tony Santillan",22679,,sa874781,"CIN (AA)",SP,$2.00,$2,$2,1.408
"Justin Steele",21039,,sa828960,"CHC (AA)",SP,$2.00,$2,$2,0.704
"Thomas Burrows",31749,,sa874215,"ATL (AA)",RP,$2.00,$2,$2,0.352
"Connor Brogdon",31492,,sa739015,"PHI (AAA)",RP,$2.00,$2,$2,0.704
"Mariel Bautista",22226,,sa872535,"CIN (A)",OF,$2.00,$2,$2,0.352
"Braxton Garrett",23723,,sa917923,"MIA (AA)",SP,$2.00,$2,$2,0.352
"Mason Martin",26958,,sa3004885,"PIT (A+)",1B,$2.00,$2,$2,1.056
"Sam Delaplane",26540,,sa3004222,"SEA (AA)",RP,$2.00,$2,$2,1.408
"Grant Lavigne",33628,,sa3007743,"COL (A)",1B,$2.00,$2,$2,1.408
"MJ Melendez",26472,,sa3004139,"KCR (A+)",C,$2.00,$2,$2,0.352
"Aaron Bracho",36844,,sa3010018,"CLE (A-)",2B,$2.00,$2,$2,0.352
"Esteban Quiroz",28309,,sa596560,"SDP (AAA)",2B,$2.00,$2,$2,0.352
"Yadiel Hernandez",31391,,sa724030,"WSN (AAA)",OF,$2.00,$2,$2,1.056
"George Kirby",36671,,sa3011526,"SEA (A-)",SP,$2.00,$2,$2,1.761
"Shervyen Newton",32171,,sa917119,"NYM (A)",2B/SS/3B,$2.00,$2,$2,0.352
"Mickey Jannis",14208,,sa550198,"NYM (AA)",SP,$2.00,$2,$2,0.352
"Brice Turang",33634,,sa3008294,"MIL (A+)",2B/SS,$2.00,$2,$2,0.704
"Jordan Patterson",18588,15119,sa707751,"TOR (AAA)",1B/OF,$2.00,$2,$2,0.352
"Niko Hulsizer",34952,,sa3007053,"TBR (A+)",OF,$2.00,$2,$2,1.056
"Miguel Yajure",22490,,sa873213,"NYY (AA)",SP,$2.00,$2,$2,0.704
"C.J. Chatham",31716,,sa873984,"BOS (AAA)",SS,$2.00,$2,$2,0.352
"Charles Leblanc",31435,,sa738521,"TEX (AA)",1B/2B/3B,$2.00,$2,$2,0.352
"Drew Rasmussen",35922,,sa829799,"MIL (AA)",SP,$2.00,$2,$2,0.352
"Logan Simmons",34784,,sa3006867,"PHI (A-)",2B,$2.00,$2,$2,0.352
"Ivan Castillo",30033,,sa657222,"SDP (AA)",2B/SS,$2.00,$2,$2,0.352
"Kevin Padlo",21040,,sa828961,"TBR (AAA)",3B,$2.00,$2,$2,0.352
"Tyler Ivey",26748,,sa3004574,"HOU (AA)",SP,$2.00,$2,$2,1.408
"Kyle Nelson",31948,,sa915709,"CLE (AAA)",RP,$2.00,$2,$2,0.352
"Luis Garcia",27115,,sa3005197,"HOU (A+)",SP/RP,$2.00,$2,$2,0.352
"Owen Miller",34617,,sa3006673,"SDP (AA)",2B/SS,$2.00,$2,$2,0.704
"McKenzie Mills",21286,,sa829294,"MIA (AA)",SP/RP,$2.00,$2,$2,0.352
"Greyson Jenista",33630,,sa3007044,"ATL (AA)",OF,$2.00,$2,$2,0.704
"Diego Cartaya",33674,,sa3008742,"LAD (R)",C,$2.00,$2,$2,0.352
"Kody Hoese",36847,,sa3010021,"LAD (A)",Util,$2.00,$2,$2,1.056
"Victor Gonzalez",19990,,sa739644,"LAD (AAA)",SP/RP,$2.00,$2,$2,0.352
"Braden Shewmake",37029,,sa3010332,"ATL (AA)",SS,$2.00,$2,$2,0.352
"Connor Walsh",21079,,sa829031,"CHW (AAA)",RP,$2.00,$2,$2,0.352
"Antonio Cabello",33665,,sa3005600,"NYY (R)",OF,$2.00,$2,$2,0.352
"DeMarcus Evans",23040,,sa875783,"TEX (AA)",RP,$2.00,$2,$2,0.704
"Vince Fernandez",31718,,sa873990,"COL (AA)",OF,$2.00,$2,$2,0.352
"Zack Thompson",37567,,sa3011128,"STL (A+)",RP,$2.00,$2,$2,0.704
"Huston Street",7099,8258,sa262538,FA,RP,$2.00,$2,$2,0.352
"Bryson Stott",37531,,sa3011443,"PHI (A-)",SS,$2.00,$2,$2,0.352
"Luis Alexander Basabe",18928,,sa736915,"CHW (AA)",OF,$2.00,$2,$2,0.352
"Jeremy Randolph",36684,,sa3010368,"STL (A-)",RP,$2.00,$2,$2,0.352
"Ashton Goudeau",30851,,sa658634,"COL (AA)",SP,$2.00,$2,$2,0.352
"Malcom Nunez",33641,,sa3008113,"STL (R)",3B,$2.00,$2,$2,0.352
"Diowill Burgos",34016,,sa3005740,"STL (R)",OF,$2.00,$2,$2,0.352
"Jackson Kowar",33621,,sa3008273,"KCR (AA)",SP,$2.00,$2,$2,1.408
"Hans Crouse",26794,,sa3004642,"TEX (A)",SP,$2.00,$2,$2,0.704
"Joey Wentz",23817,,sa917946,"DET (AA)",SP,$2.00,$2,$2,0.352
"Jose Devers",26203,,sa3003295,"MIA (A)",SS,$2.00,$2,$2,0.352
"Buddy Reed",31455,,sa738683,"SDP (AA)",OF,$2.00,$2,$2,0.352
"Valente Bellozo",34264,,sa3006119,"HOU (A)",SP/RP,$2.00,$2,$2,0.352
"Jake Walters",35953,,sa915852,"MIA (A)",SP,$2.00,$2,$2,0.352
"Steven Fuentes",20691,,sa828326,"WSN (AA)",SP/RP,$2.00,$2,$2,0.704
"Alec Bettinger",31683,,sa873670,"MIL (AA)",SP,$2.00,$2,$2,1.056
"Nelson Cruz",8973,554,sa3000004,,RP,$2.00,$2,$2,0.352
"Alex Kowalczyk",32757,,sa918272,"TEX (AA)",C,$2.00,$2,$2,0.352
"Trey Harris",34791,,sa3006876,"ATL (AA)",OF,$2.00,$2,$2,0.352
"Luis Frias",32439,,sa917588,"ARI (A)",SP,$2.00,$2,$2,0.704
"Trevor Rogers",33607,,sa3005423,"MIA (AA)",SP,$2.00,$2,$2,0.704
"Jordyn Adams",33629,,sa3008032,"LAA (A+)",OF,$2.00,$2,$2,1.056
"Ryan Rolison",35630,,sa3008244,"COL (A+)",SP,$2.00,$2,$2,0.352
"Casey Golden",31720,,sa873997,"COL (A+)",OF,$2.00,$2,$2,0.352
"Adonis Guillen",19224,,sa737454,"COL (AA)",RP,$2.00,$2,$2,0.352
"Ryan Weathers",33670,,sa3008436,"SDP (A)",SP,$2.00,$2,$2,0.704
"Orelvis Martinez",33667,,sa3010692,"TOR (R)",SS,$2.00,$2,$2,0.352
"David Peterson",31541,,sa829588,"NYM (AA)",SP,$2.00,$2,$2,0.352
"Scott Moss",31468,,sa738902,"CLE (AAA)",SP,$2.00,$2,$2,0.352
"Griffin Conine",35928,,sa876060,"TOR (A)",OF,$2.00,$2,$2,0.704
"Thomas Milone",19301,,sa737640,"TBR (A+)",OF,$2.00,$2,$2,0.352
"Cory Abbott",27184,,sa3005305,"CHC (AA)",SP,$2.00,$2,$2,0.352
"Luis Garcia",33642,,sa3007295,"PHI (A)",2B/SS,$2.00,$2,$2,0.352
"Bayron Lora",37824,,,,Util,$2.00,$2,$2,0.352
"Kameron Misner",37843,,sa3011656,"MIA (A)",OF,$2.00,$2,$2,1.408
"Keegan Akin",31714,,sa873980,"BAL (AAA)",SP,$2.00,$2,$2,0.704
"Ryan Hartman",32706,,sa918166,"HOU (AAA)",SP/RP,$2.00,$2,$2,0.352
"Jimmy Govern",36936,,sa3010166,"KCR (R)",3B,$2.00,$2,$2,0.352
"Denyi Reyes",22407,,sa872864,"BOS (AA)",SP,$2.00,$2,$2,0.352
"Jose Garcia",33734,,sa3005385,"CIN (A+)",SS,$2.00,$2,$2,0.352
"Trevor Stephan",32874,,sa918441,"NYY (AA)",SP,$2.00,$2,$2,0.352
"Liover Peguero",33908,,sa3005582,"ARI (A-)",SS,$2.00,$2,$2,0.352
"Will Craig",23628,,sa738696,"PIT (AAA)",1B,$2.00,$2,$2,1.408
"Daniel Lynch",33669,,sa3007588,"KCR (A+)",SP,$2.00,$2,$2,1.761
"Michael Gettys",20929,,sa828692,"SDP (AAA)",OF,$2.00,$2,$2,0.352
"Jhon Torres",26141,,sa3003233,"STL (R)",OF,$2.00,$2,$2,0.352
"Ethan Small",37897,,sa3011621,"MIL (A)",SP,$2.00,$2,$2,1.056
"Dean Kremer",31819,,sa876350,"BAL (AAA)",SP,$2.00,$2,$2,1.408
"Brock Deatherage",33624,,sa3006848,"DET (A+)",OF,$2.00,$2,$2,0.352
"Nick Heath",32812,,sa918355,"KCR (AAA)",OF,$2.00,$2,$2,0.352
"Anthony Seigler",33610,,sa3006894,"NYY (A)",C,$2.00,$2,$2,0.352
"Gilberto Jimenez",33833,,sa3005507,"BOS (A-)",OF,$2.00,$2,$2,0.352
"Alejandro Soto",293,,sa509749,"SDP (R)",SP/RP,$2.00,$2,$2,0.352
"Lewin Diaz",20758,,sa828420,"MIA (AA)",1B,$2.00,$2,$2,0.704
"Jhoan Duran",22559,,sa873347,"MIN (AA)",SP,$2.00,$2,$2,0.704
"Aaron Fletcher",35202,,sa3007591,"SEA (AA)",RP,$2.00,$2,$2,0.352
"Devin Sweet",35698,,sa3008340,"SEA (A+)",SP/RP,$2.00,$2,$2,0.352
"Yerry Rodriguez",32688,,sa918130,"TEX (A)",SP,$2.00,$2,$2,0.352
"Joe Mccarthy",22032,,sa858039,"SFG (AAA)",OF,$2.00,$2,$2,0.352
"Patrick Weigel",21424,17792,sa829466,"ATL (AA)",SP/RP,$2.00,$2,$2,0.352
"Mark Vientos",26857,,sa3004720,"NYM (A)",3B,$2.00,$2,$2,0.704
"Miguel Vargas",34804,,sa3006896,"LAD (A+)",3B,$2.00,$2,$2,0.704
"Francisco Alvarez",37427,,sa3010862,"NYM (R)",C,$2.00,$2,$2,0.352
"Michael Gigliotti",31943,,sa915700,"KCR (A+)",OF,$2.00,$2,$2,0.352
"Ryan Vilade",26562,,sa3004256,"COL (A+)",SS/3B,$2.00,$2,$2,0.352
"Dan Dallas",32641,,sa918033,"SDP (A-)",RP,$2.00,$2,$2,0.352
