"Name","Team","G","PA","AB","H","2B","3B","HR","R","RBI","BB","SO","SB","CS","AVG","OBP","SLG","OPS","wOBA","playerid"
"Mike Trout","Angels","159","682","542","163","31","4","48","125","116","122","141","15","6",".301",".438",".635","1.073",".434","10155"
"Christian Yelich","Brewers","154","672","577","178","33","3","38","110","108","85","136","18","6",".308",".401",".574",".975",".402","11477"
"Juan Soto","Nationals","156","680","569","168","34","4","35","107","107","104","127","9","3",".295",".403",".551",".954",".395","20123"
"Cody Bellinger","Dodgers","152","673","577","167","35","4","43","111","117","86","129","14","4",".290",".383",".587",".969",".392","15998"
"Alex Bregman","Astros","152","664","557","161","35","3","35","108","100","92","85","7","2",".288",".394",".550",".944",".392","17678"
"Nolan Arenado","Rockies","157","683","605","182","37","3","43","103","123","66","100","3","1",".300",".368",".585",".953",".387","9777"
"J.D. Martinez","Red Sox","152","655","576","171","34","2","39","101","109","69","149","2","1",".298",".374",".566",".940",".385","6184"
"Freddie Freeman","Braves","156","678","582","173","37","3","32","101","103","82","125","9","3",".297",".389",".535",".924",".382","5361"
"Bryce Harper","Phillies","154","668","552","147","30","2","37","101","103","105","161","11","4",".266",".387",".528",".914",".378","11579"
"Mookie Betts","Dodgers","154","680","588","173","38","4","30","108","96","82","90","19","5",".294",".382",".524",".907",".377","13611"
"Aaron Judge","Yankees","152","656","549","143","26","2","39","103","97","96","202","6","2",".260",".376",".525",".901",".375","15640"
"Trevor Story","Rockies","154","668","600","170","40","6","37","108","105","57","175","21","5",".283",".350",".553",".903",".372","12564"
"Yordan Alvarez","Astros","143","621","538","150","31","2","35","93","103","75","157","3","1",".279",".368",".540",".908",".372","19556"
"Ronald Acuna Jr.","Braves","152","664","585","167","31","4","35","109","97","66","164","31","7",".286",".364",".530",".894",".371","18401"
"Anthony Rendon","Angels","154","661","572","163","36","2","30","94","93","75","95","3","1",".286",".372",".517",".889",".369","12861"
"Kris Bryant","Cubs","151","659","562","153","32","3","31","95","93","78","148","5","2",".273",".374",".504",".878",".369","15429"
"Charlie Blackmon","Rockies","144","626","563","167","31","6","28","94","93","48","109","9","3",".297",".361",".525",".886",".369","7859"
"George Springer","Astros","149","650","561","155","25","2","34","102","95","75","134","6","3",".275",".368",".510",".878",".369","12856"
"Anthony Rizzo","Cubs","156","681","574","160","32","3","28","95","92","79","94","6","2",".279",".383",".490",".873",".367","3473"
"Giancarlo Stanton","Yankees","139","600","522","135","22","1","41","91","98","67","175","2","1",".259",".349",".542",".891",".367","4949"
"Eugenio Suarez","Reds","151","654","569","151","25","2","41","97","106","71","168","3","1",".265",".353",".533",".886",".366","12552"
"Justin Turner","Dodgers","139","616","537","156","33","2","25","88","87","59","94","3","1",".290",".373",".497",".870",".366","5235"
"Jose Altuve","Astros","152","664","595","182","33","3","26","102","90","55","97","16","5",".306",".369",".500",".870",".365","5417"
"Joey Gallo","Rangers","149","630","531","121","24","2","48","96","109","89","229","6","2",".228",".343",".550",".893",".365","14128"
"Josh Donaldson","Twins","147","637","535","139","29","2","31","96","88","91","140","4","1",".259",".371",".495",".866",".365","5038"
"Max Muncy","Dodgers","136","602","505","128","24","2","33","91","92","85","149","3","1",".253",".366",".506",".871",".364","13301"
"Paul Goldschmidt","Cardinals","157","680","580","158","29","2","32","95","98","88","159","8","2",".272",".371",".496",".868",".363","9218"
"Jose Ramirez","Indians","152","655","576","161","37","4","31","99","96","68","81","23","6",".279",".357",".522",".879",".363","13510"
"Peter Alonso","Mets","154","665","580","148","28","1","43","95","108","65","173","2","1",".255",".343",".530",".873",".360","19251"
"Xander Bogaerts","Red Sox","154","662","588","171","36","2","27","95","90","63","117","6","2",".290",".361",".497",".858",".359","12161"
"Nelson Cruz","Twins","147","637","568","152","29","1","39","92","104","54","152","1","0",".268",".339",".529",".869",".358","2434"
"Rafael Devers","Red Sox","149","641","583","168","41","3","30","93","94","50","119","7","3",".288",".346",".519",".865",".357","17350"
"Joc Pederson","Dodgers","100","444","384","96","19","1","26","67","70","50","94","3","1",".250",".345",".512",".857",".356","11899"
"Josh Bell","Pirates","154","660","572","156","32","3","29","88","98","79","122","3","1",".273",".362",".494",".856",".356","13145"
"Jorge Soler","Royals","149","627","546","140","29","1","35","86","97","68","167","2","1",".257",".346",".509",".855",".356","14221"
"Vladimir Guerrero Jr.","Blue Jays","143","604","535","156","30","2","22","80","77","58","88","3","1",".292",".365",".481",".846",".355","19611"
"Andrew McCutchen","Phillies","131","569","485","128","25","2","24","81","74","73","121","9","3",".264",".366",".473",".839",".355","9847"
"Michael Conforto","Mets","139","602","515","134","27","2","30","83","84","74","140","4","2",".259",".359",".491",".850",".355","16376"
"Tommy Pham","Padres","146","631","544","152","27","4","21","90","74","75","127","19","5",".279",".372",".463",".835",".355","2967"
"Carlos Correa","Astros","149","650","571","155","31","2","32","95","95","69","147","3","1",".272",".352",".498",".850",".355","14162"
"Francisco Lindor","Indians","154","662","595","168","34","3","32","94","98","55","97","16","6",".283",".346",".509",".855",".353","12916"
"Rhys Hoskins","Phillies","151","654","550","133","29","2","34","90","95","88","151","3","1",".243",".354",".486",".840",".352","16472"
"Ketel Marte","Diamondbacks","156","672","608","178","35","6","23","94","89","56","91","9","3",".293",".354",".487",".841",".352","13613"
"Marcell Ozuna","Braves","147","643","578","160","28","2","33","90","97","57","127","5","2",".277",".344",".501",".845",".352","10324"
"Manny Machado","Padres","157","680","606","166","30","2","36","89","106","64","112","8","2",".274",".344",".505",".849",".351","11493"
"Kyle Schwarber","Cubs","138","603","516","128","24","2","34","83","93","77","157","3","2",".248",".349",".499",".847",".351","16478"
"Gleyber Torres","Yankees","152","656","589","162","29","2","34","92","93","56","147","7","3",".275",".341",".502",".842",".350","16997"
"Austin Meadows","Rays","139","593","532","145","32","4","27","82","80","51","122","13","4",".273",".341",".503",".843",".349","15672"
"Nicholas Castellanos","Reds","139","605","551","155","38","4","26","82","86","44","136","3","1",".281",".337",".503",".840",".349","11737"
"Fernando Tatis Jr.","Padres","149","645","579","157","30","5","30","94","89","55","182","20","6",".271",".339",".496",".836",".348","19709"
"Gary Sanchez","Yankees","115","455","401","99","17","0","29","64","71","43","117","1","0",".246",".328",".510",".838",".347","11442"
"Matt Olson","Athletics","152","647","563","138","31","1","37","87","96","71","167","1","0",".245",".336",".501",".838",".347","14344"
"David Dahl","Rockies","134","584","532","149","34","6","24","84","82","42","144","10","3",".281",".336",".499",".835",".347","13744"
"Yasmani Grandal","White Sox","136","536","452","109","19","1","27","74","72","76","124","2","1",".240",".351",".468",".819",".346","11368"
"Joey Votto","Reds","151","654","546","145","30","2","17","85","70","97","120","4","1",".266",".381",".420",".801",".346","4314"
"Corey Seager","Dodgers","141","623","559","157","38","2","23","84","87","55","114","1","1",".281",".348",".478",".826",".346","13624"
"Eloy Jimenez","White Sox","141","600","553","154","30","2","30","80","89","39","140","1","1",".279",".329",".504",".833",".345","17484"
"Jesse Winker","Reds","109","391","338","93","19","1","13","51","47","45","62","2","1",".275",".365",".447",".812",".345","13590"
"Edwin Encarnacion","White Sox","134","572","499","121","21","1","34","78","86","62","123","2","0",".243",".333",".494",".827",".345","2151"
"Shohei Ohtani","Angels","130","557","504","138","30","3","26","79","77","45","126","9","3",".273",".334",".496",".830",".345","19755"
"Mitch Garver","Twins","97","384","338","86","19","1","19","53","55","39","93","0","0",".254",".336",".487",".823",".344","15161"
"Matt Chapman","Athletics","156","661","580","143","33","4","34","91","89","69","158","2","1",".246",".332",".493",".825",".344","16505"
"Max Kepler","Twins","147","637","560","143","33","4","29","89","86","66","105","5","2",".256",".339",".484",".823",".344","12144"
"Carlos Santana","Indians","154","662","556","138","27","2","27","86","88","98","102","3","1",".248",".362",".453",".814",".344","2396"
"Miguel Sano","Twins","138","595","515","121","25","1","35","86","93","71","210","1","0",".235",".331",".495",".826",".344","12164"
"Mike Moustakas","Reds","146","633","567","146","28","1","37","84","98","54","107","2","1",".258",".328",".505",".833",".344","4892"
"Starling Marte","Diamondbacks","149","644","590","172","31","6","22","96","77","34","113","30","7",".291",".343",".473",".816",".343","9241"
"Jeff McNeil","Mets","147","637","574","165","33","4","20","83","77","43","87","8","3",".287",".349",".463",".813",".343","15362"
"Yasiel Puig","","112","483","434","116","22","3","23","69","65","40","99","12","4",".268",".335",".485",".820",".343","14225"
"Howie Kendrick","Nationals","105","319","292","86","16","1","11","42","44","22","52","3","1",".293",".346",".467",".814",".343","4229"
"Ozzie Albies","Braves","154","671","610","174","38","6","23","94","88","49","109","16","4",".285",".341",".479",".821",".342","16556"
"Jose Abreu","White Sox","149","635","578","161","31","2","28","83","88","38","129","2","1",".279",".336",".485",".821",".342","15676"
"Adam Eaton","Nationals","146","638","553","157","28","6","13","86","64","63","103","12","4",".283",".368",".425",".793",".342","11205"
"J.T. Realmuto","Phillies","134","534","485","134","27","3","23","73","74","37","107","7","2",".276",".334",".484",".819",".342","11739"
"Eric Thames","Nationals","110","462","402","97","21","2","25","63","73","50","136","5","1",".240",".333",".490",".822",".341","3711"
"Yoan Moncada","White Sox","151","641","571","152","30","4","26","90","79","60","183","14","4",".266",".339",".472",".811",".340","17232"
"Daniel Murphy","Rockies","130","563","514","149","36","3","17","71","77","39","78","2","1",".291",".342",".474",".816",".340","4316"
"Trey Mancini","Orioles","154","641","578","157","28","2","28","83","81","52","145","1","0",".272",".337",".474",".811",".340","15149"
"Mark Canha","Athletics","143","606","525","130","27","2","27","81","75","62","137","3","1",".248",".342",".464",".805",".340","11445"
"Trea Turner","Nationals","152","666","606","172","32","6","21","100","79","52","129","39","8",".285",".344",".462",".806",".340","16252"
"Michael Brantley","Astros","141","614","552","160","34","2","17","82","77","52","69","6","2",".289",".352",".450",".802",".339","4106"
"Luke Voit","Yankees","100","433","377","96","17","1","18","58","54","47","110","0","0",".256",".346",".452",".798",".339","14811"
"Yoenis Cespedes","Mets","60","199","180","46","8","1","11","27","30","16","47","1","0",".255",".320",".500",".820",".339","13110"
"Willson Contreras","Cubs","105","421","371","97","19","2","17","56","54","40","100","3","1",".261",".342",".458",".801",".338","11609"
"Javier Baez","Cubs","154","673","624","171","33","4","34","95","100","36","177","16","5",".274",".318",".503",".821",".338","12979"
"David Peralta","Diamondbacks","138","595","535","149","28","5","20","78","75","50","113","3","1",".277",".343",".460",".803",".337","2136"
"Franmil Reyes","Indians","136","586","525","133","25","1","32","76","93","54","160","1","0",".253",".324",".488",".812",".337","14566"
"A.J. Pollock","Dodgers","89","353","319","84","17","2","16","51","49","27","72","8","2",".264",".327",".476",".803",".336","9256"
"Bryan Reynolds","Pirates","149","639","574","160","35","4","18","79","78","54","143","5","2",".279",".346",".445",".790",".335","19326"
"Matt Carpenter","Cardinals","123","532","447","105","25","2","21","66","68","75","131","3","1",".235",".349",".438",".788",".335","8090"
"DJ LeMahieu","Yankees","154","663","601","176","27","3","18","87","73","52","98","6","3",".292",".350",".435",".785",".335","9874"
"Marcus Semien","Athletics","156","661","585","154","32","3","24","88","76","67","110","11","4",".262",".339",".453",".792",".335","12533"
"Eduardo Escobar","Diamondbacks","152","658","598","160","35","6","28","85","94","49","122","4","1",".267",".324",".483",".807",".335","6153"
"Bo Bichette","Blue Jays","147","625","570","159","39","3","19","84","71","45","136","17","5",".278",".334",".460",".794",".334","19612"
"Aaron Hicks","Yankees","16","70","60","14","3","0","3","10","8","9","16","1","0",".241",".342",".443",".785",".334","5297"
"Mitch Haniger","Mariners","84","352","309","77","15","1","16","44","46","34","88","3","1",".249",".333",".458",".790",".334","14274"
"Andrew Benintendi","Red Sox","149","641","561","150","38","4","16","86","70","67","121","12","4",".267",".348",".437",".785",".333","17901"
"Brandon Nimmo","Mets","118","511","428","103","21","3","16","68","52","70","135","6","2",".240",".358",".413",".771",".333","12927"
"Domingo Santana","Indians","87","377","329","84","17","1","14","50","48","41","118","5","2",".255",".342",".440",".783",".333","10348"
"Justin Upton","Angels","144","619","541","130","24","1","32","85","84","68","183","6","2",".239",".329",".462",".791",".333","5222"
"Alex Verdugo","Red Sox","125","536","486","137","34","2","14","69","64","43","75","5","2",".283",".343",".445",".788",".333","17027"
"Hanley Ramirez","","37","161","144","37","7","0","8","21","22","14","36","1","0",".255",".328",".465",".792",".332","8001"
"Jung Ho Kang","","11","49","44","11","2","0","3","6","7","4","14","0","0",".243",".322",".469",".791",".332","17182"
"Paul DeJong","Cardinals","154","666","597","152","33","2","31","84","95","52","155","6","2",".254",".323",".471",".794",".332","18015"
"Jorge Polanco","Twins","152","658","590","163","35","5","18","87","75","54","108","8","3",".277",".339",".447",".785",".332","13152"
"Jordan Luplow","Indians","68","293","257","64","15","1","11","38","38","31","66","4","1",".251",".336",".452",".788",".332","16424"
"Justin Smoak","Brewers","115","462","391","90","17","1","21","57","63","64","107","0","0",".231",".342",".436",".779",".332","9054"
"Eddie Rosario","Twins","147","637","594","165","32","4","29","84","91","33","101","6","2",".277",".314",".489",".803",".331","12155"
"Ji-Man Choi","Rays","107","455","391","97","20","1","17","56","54","56","106","2","1",".247",".345",".433",".778",".331","5452"
"Luis Arraez","Twins","130","560","505","155","32","3","4","69","56","44","51","4","2",".308",".363",".408",".771",".331","18568"
"Miguel Andujar","Yankees","117","503","466","128","28","2","21","65","67","27","84","2","1",".275",".319",".476",".796",".331","15878"
"C.J. Cron","Tigers","128","538","488","126","24","2","25","66","75","35","116","2","1",".259",".320",".472",".792",".331","12546"
"Omar Narvaez","Brewers","91","362","316","84","12","1","12","43","44","38","65","0","0",".267",".348",".426",".774",".331","13338"
"Hunter Renfroe","Rays","125","531","481","115","23","1","33","69","83","41","150","3","1",".239",".303",".498",".801",".330","15464"
"Steven Souza Jr.","Cubs","117","389","337","81","16","1","16","53","49","44","110","7","2",".240",".334",".439",".773",".329","5667"
"Nick Senzel","Reds","110","418","376","100","24","3","13","58","48","34","102","12","3",".266",".330",".450",".780",".329","19293"
"Ryan McMahon","Rockies","131","570","511","131","31","3","21","75","76","51","162","5","2",".257",".328",".455",".783",".329","15112"
"Ryan Braun","Brewers","110","481","435","115","24","2","19","63","64","36","98","10","3",".265",".325",".460",".785",".329","3410"
"Jose Martinez","Rays","52","221","197","54","10","1","6","26","25","20","45","1","0",".274",".342",".425",".767",".327","7996"
"Brian Dozier","","65","280","244","57","12","1","13","37","37","31","64","3","1",".233",".325",".450",".775",".327","9810"
"Avisail Garcia","Brewers","115","482","440","118","20","2","19","61","64","32","115","6","2",".268",".325",".453",".778",".327","5760"
"Starlin Castro","Nationals","122","532","495","140","25","1","19","65","75","29","89","3","1",".284",".325",".453",".778",".326","4579"
"Khris Davis","Athletics","147","626","555","129","23","1","35","80","90","60","173","1","0",".232",".313",".470",".782",".326","9112"
"Nathaniel Lowe","Rays","13","55","49","12","3","0","2","7","7","6","13","0","0",".255",".337",".429",".766",".326","19566"
"Asdrubal Cabrera","Nationals","87","302","271","70","15","1","11","37","42","26","60","1","0",".258",".326",".447",".773",".325","4962"
"Daniel Vogelbach","Mariners","79","331","280","63","11","0","14","38","42","47","83","0","0",".226",".338",".423",".762",".325","14130"
"Brandon Belt","Giants","126","538","461","112","26","3","16","64","62","68","117","4","1",".242",".343",".418",".761",".325","10264"
"Christian Walker","Diamondbacks","125","539","481","118","26","2","24","69","75","48","142","4","1",".246",".320",".458",".778",".325","13419"
"Nomar Mazara","White Sox","122","517","465","119","23","1","22","64","69","42","112","2","1",".256",".322",".455",".778",".325","14553"
"Keston Hiura","Brewers","146","636","578","149","32","3","26","82","85","44","186","11","3",".258",".320",".455",".776",".325","20003"
"Brandon Lowe","Rays","136","579","515","126","28","3","24","73","73","54","167","6","2",".245",".321",".450",".771",".325","18882"
"Shin-Soo Choo","Rangers","146","617","527","129","25","2","19","76","62","73","152","6","2",".244",".346",".405",".751",".325","3174"
"Yandy Diaz","Rays","130","551","483","129","22","2","13","66","55","61","104","3","1",".268",".352",".402",".754",".325","16578"
"Salvador Perez","Royals","136","532","496","128","25","2","28","63","82","24","105","1","0",".258",".300",".486",".786",".325","7304"
"J.D. Davis","Mets","118","511","462","120","24","1","21","63","66","41","123","2","1",".259",".324",".448",".772",".325","16219"
"Victor Robles","Nationals","156","680","608","162","34","5","19","94","74","42","143","31","7",".266",".334",".432",".766",".324","18363"
"Kurt Suzuki","Nationals","78","311","282","74","14","0","13","37","45","19","41","1","0",".262",".320",".452",".772",".324","8259"
"Chris Taylor","Dodgers","87","284","255","66","15","2","9","39","33","25","75","5","2",".259",".330",".435",".765",".324","13757"
"Lorenzo Cain","Brewers","143","622","556","154","29","3","11","79","62","54","106","19","5",".277",".348",".401",".749",".323","9077"
"Wil Myers","Padres","109","369","327","79","16","1","15","49","45","38","107","12","3",".242",".324",".439",".763",".323","10047"
"Jake Lamb","Diamondbacks","73","235","203","48","10","2","9","30","29","28","59","2","1",".236",".332",".430",".763",".323","13329"
"Ryan Zimmerman","Nationals","89","289","261","68","14","1","11","35","40","23","59","1","0",".259",".322",".444",".765",".323","4220"
"Yuli Gurriel","Astros","149","650","604","168","38","2","21","84","85","33","79","5","2",".278",".320",".450",".770",".322","19198"
"Cavan Biggio","Blue Jays","136","577","487","111","24","3","20","74","61","79","165","10","3",".228",".339",".411",".750",".322","19252"
"Ian Desmond","Rockies","86","252","229","60","11","2","9","34","31","19","61","6","2",".263",".322",".441",".763",".322","6885"
"Whit Merrifield","Royals","156","654","600","168","38","5","14","83","69","43","109","23","7",".281",".333",".428",".761",".322","11281"
"Kole Calhoun","Diamondbacks","134","581","510","125","24","3","22","72","74","61","126","4","1",".245",".330",".431",".761",".322","11200"
"Hunter Dozier","Royals","147","620","558","139","33","4","23","75","78","54","165","4","1",".250",".318",".447",".765",".321","15117"
"Randal Grichuk","Blue Jays","130","549","504","121","28","3","29","70","78","36","144","3","1",".240",".296",".480",".776",".321","10243"
"Brian Anderson","Marlins","152","648","576","148","31","2","20","73","76","55","138","4","1",".257",".332",".421",".753",".321","18289"
"Dexter Fowler","Cardinals","130","560","481","114","23","4","17","70","60","68","134","8","3",".238",".339",".404",".743",".320","4062"
"Greg Bird","","16","69","60","14","3","0","3","8","9","8","18","0","0",".228",".320",".440",".759",".320","14131"
"Jay Bruce","Phillies","89","246","221","52","11","1","13","31","37","21","59","1","0",".233",".301",".472",".773",".320","9892"
"Miguel Cabrera","Tigers","138","578","515","139","27","1","15","64","65","55","111","1","0",".269",".341",".411",".753",".320","1744"
"Nick Solak","Rangers","112","473","423","109","19","2","16","57","51","39","111","5","2",".258",".328",".422",".750",".320","19294"
"Cesar Hernandez","Indians","133","572","511","141","22","5","10","71","57","53","98","8","3",".276",".347",".396",".743",".320","10556"
"Garrett Cooper","Marlins","96","367","333","88","18","1","11","40","45","28","89","1","0",".264",".327",".425",".752",".319","15279"
"Didi Gregorius","Phillies","141","611","561","146","26","3","25","75","82","38","88","7","2",".261",".312",".454",".765",".319","6012"
"Ramon Laureano","Athletics","147","626","565","140","31","4","24","83","72","47","171","14","3",".247",".314",".443",".757",".319","17128"
"Wilmer Flores","Giants","105","350","322","88","17","1","11","38","45","21","41","1","0",".274",".323",".433",".756",".319","5827"
"Trent Grisham","Padres","118","511","443","107","23","4","15","63","55","58","115","9","3",".242",".334",".412",".745",".319","18564"
"Corey Dickerson","Marlins","118","503","466","125","27","4","17","56","65","30","99","4","2",".268",".315",".451",".766",".319","10762"
"Robinson Cano","Mets","130","560","511","136","29","1","19","64","70","41","90","0","0",".266",".323",".436",".758",".318","3269"
"Travis Shaw","Blue Jays","104","439","382","86","17","1","20","53","56","50","111","3","1",".226",".320",".435",".755",".318","11982"
"Gregory Polanco","Pirates","136","583","518","126","28","3","23","71","76","57","132","10","3",".243",".320",".437",".757",".318","12907"
"Gavin Lux","Dodgers","130","573","517","135","27","4","16","76","66","49","127","9","3",".261",".326",".423",".749",".317","19955"
"Willie Calhoun","Rangers","130","548","497","125","26","1","22","62","67","42","83","2","1",".251",".313",".444",".757",".317","17838"
"Enrique Hernandez","Dodgers","89","271","242","59","12","1","11","35","35","25","54","1","0",".245",".317",".438",".755",".317","10472"
"Tim Anderson","White Sox","152","648","614","173","31","3","20","85","76","25","145","20","6",".281",".312",".442",".754",".317","15172"
"Stephen Vogt","Diamondbacks","87","280","253","63","14","2","10","34","36","23","56","2","1",".251",".314",".443",".757",".317","5000"
"Renato Nunez","Orioles","144","600","543","131","26","1","29","72","77","44","151","2","0",".241",".306",".451",".757",".317","14503"
"Nick Markakis","Braves","102","405","358","98","21","1","6","46","42","40","53","1","0",".274",".348",".390",".738",".317","5930"
"Robinson Chirinos","Rangers","92","357","308","68","14","1","16","43","42","37","105","1","0",".220",".320",".421",".741",".317","3142"
"Austin Riley","Braves","58","254","233","57","12","1","12","32","38","17","79","1","0",".245",".301",".462",".763",".317","18360"
"Stephen Piscotty","Athletics","96","406","363","90","20","1","14","49","48","34","84","1","1",".248",".320",".427",".746",".317","13367"
"Logan Morrison","","2","7","6","1","0","0","0","1","1","1","2","0","0",".228",".315",".434",".749",".317","9205"
"Mitch Moreland","Red Sox","107","460","407","97","22","1","18","57","59","44","102","1","0",".239",".317",".432",".749",".316","3086"
"Aristides Aquino","Reds","102","403","370","88","18","2","22","54","58","26","116","6","1",".237",".292",".475",".767",".316","15482"
"Scooter Gennett","","60","259","239","63","13","1","9","30","33","16","60","1","0",".262",".312",".443",".755",".316","10339"
"Alex Avila","Twins","55","218","181","39","7","0","8","28","26","34","75","0","0",".213",".340",".395",".736",".316","7476"
"Jonathan Schoop","Tigers","136","572","533","137","27","1","25","66","77","27","129","2","1",".257",".301",".455",".756",".316","11265"
"Travis d'Arnaud","Braves","91","363","330","83","16","1","14","44","47","28","73","1","0",".253",".315",".434",".748",".316","7739"
"Will Smith","Dodgers","105","426","376","86","18","1","20","55","58","39","113","3","1",".228",".311",".437",".749",".316","19197"
"Marwin Gonzalez","Twins","75","322","290","75","15","1","10","40","38","25","68","2","1",".260",".324",".421",".744",".316","5497"
"Brad Miller","Cardinals","42","102","90","21","4","1","4","13","13","10","28","1","0",".233",".314",".435",".749",".316","12775"
"Tyler O'Neill","Cardinals","120","478","433","103","21","2","23","59","68","37","157","5","1",".237",".303",".453",".756",".316","15711"
"Ty France","Padres","37","81","73","18","4","0","3","9","10","5","16","0","0",".253",".323",".417",".740",".315","17982"
"Jesus Aguilar","Marlins","105","448","395","94","17","0","19","48","60","43","108","0","0",".238",".317",".428",".745",".315","11342"
"Lourdes Gurriel Jr.","Blue Jays","138","584","541","139","28","2","25","72","74","30","135","7","2",".257",".303",".452",".754",".315","19238"
"Dansby Swanson","Braves","146","636","568","146","31","3","19","79","74","56","138","11","4",".256",".326",".422",".748",".315","18314"
"Neil Walker","","53","132","116","29","6","0","4","15","16","13","27","0","0",".247",".327",".411",".739",".315","7539"
"Adam Frazier","Pirates","131","563","507","139","29","4","9","64","58","43","74","8","3",".274",".336",".399",".736",".315","15223"
"Buster Posey","Giants","125","491","437","120","21","1","9","52","54","44","70","2","1",".274",".343",".389",".732",".315","9166"
"Todd Frazier","Rangers","122","514","453","105","20","1","22","61","61","49","111","5","2",".231",".315",".426",".741",".314","785"
"Tommy La Stella","Angels","99","424","382","100","18","1","13","49","49","34","55","0","0",".261",".325",".413",".738",".314","12371"
"Rowdy Tellez","Blue Jays","58","247","223","54","12","0","11","29","32","20","63","1","0",".241",".309",".441",".749",".314","15679"
"Carson Kelly","Diamondbacks","107","422","371","90","19","1","15","48","54","43","86","0","0",".241",".325",".419",".745",".313","13620"
"Jean Segura","Phillies","151","654","606","172","28","3","13","81","69","33","81","18","5",".285",".328",".407",".735",".313","5933"
"Isaac Paredes","Tigers","23","95","86","22","5","0","2","10","10","7","13","0","0",".261",".328",".404",".732",".313","sa920275"
"Ben Zobrist","","44","189","166","42","10","1","4","22","19","21","30","1","0",".251",".335",".389",".724",".313","7435"
"Kolten Wong","Cardinals","141","610","535","138","26","4","12","74","58","50","94","17","5",".259",".337",".393",".730",".313","12532"
"Brendan Rodgers","Rockies","11","49","45","12","3","0","1","6","6","3","11","0","0",".266",".316",".424",".740",".312","17907"
"Eric Hosmer","Padres","146","631","572","150","25","2","19","71","75","52","132","4","1",".263",".325",".410",".735",".312","3516"
"Kyle Tucker","Astros","99","431","388","94","21","2","17","59","54","35","107","12","3",".241",".309",".435",".744",".312","18345"
"Yoshitomo Tsutsugo","","110","469","408","91","21","1","18","54","57","56","140","0","0",".223",".319",".414",".733",".312","27459"
"Kevin Cron","Diamondbacks","13","36","32","8","2","0","2","4","5","3","10","0","0",".232",".301",".448",".750",".312","16211"
"Jurickson Profar","Padres","130","560","496","120","26","2","17","65","64","51","82","8","2",".242",".322",".408",".730",".312","10815"
"Willy Adames","Rays","147","627","563","142","28","3","19","75","68","55","167","6","2",".251",".320",".414",".734",".312","15986"
"Jason Heyward","Cubs","122","532","469","118","21","2","13","63","55","54","89","5","2",".252",".333",".392",".725",".312","4940"
"Jackie Bradley Jr.","Red Sox","139","599","526","122","29","3","20","78","68","58","155","10","3",".232",".319",".414",".733",".311","12984"
"Alex Dickerson","Giants","115","451","405","102","25","3","12","49","53","35","89","2","1",".253",".320",".418",".739",".311","12649"
"Mike Ford","Yankees","41","174","153","35","7","0","7","21","21","18","36","0","0",".230",".317",".418",".735",".311","15585"
"Josh VanMeter","Reds","45","116","104","25","6","0","4","15","13","11","26","2","1",".244",".318",".416",".734",".311","15170"
"Josh Rojas","Diamondbacks","18","77","69","17","4","1","2","10","8","7","15","2","1",".251",".322",".408",".730",".311","19734"
"Devon Travis","","21","91","85","22","5","0","3","11","11","5","17","1","0",".266",".310",".426",".737",".311","13862"
"Teoscar Hernandez","Blue Jays","113","481","432","98","21","2","22","61","62","42","150","7","2",".227",".299",".442",".742",".311","13066"
"Aledmys Diaz","Astros","29","127","116","29","6","0","4","16","16","9","20","1","0",".255",".312",".424",".736",".311","15937"
"Tyler Flowers","Braves","66","264","231","54","9","1","9","32","32","24","80","0","0",".232",".324",".398",".722",".311","9134"
"Evan Longoria","Giants","128","545","496","125","25","2","19","61","70","39","112","3","1",".253",".311",".426",".737",".310","9368"
"Raimel Tapia","Rockies","91","314","292","81","17","3","6","39","34","17","64","7","2",".277",".318",".417",".735",".310","14350"
"Josh Naylor","Padres","53","171","154","40","9","0","5","19","20","14","29","1","0",".257",".324",".407",".731",".310","18839"
"Kyle Seager","Mariners","141","588","526","124","26","2","24","62","75","51","118","3","1",".237",".309",".428",".737",".310","9785"
"Bradley Zimmer","Indians","8","35","31","7","2","0","1","5","4","3","11","1","0",".232",".316",".409",".725",".310","16221"
"Garrett Hampson","Rockies","96","315","286","76","15","4","6","42","30","23","68","13","3",".267",".323",".405",".728",".310","19262"
"Tim Beckham","","62","266","244","60","11","1","11","33","33","18","76","2","1",".245",".301",".434",".736",".310","7949"
"Matt Joyce","Marlins","97","295","252","58","12","1","8","31","32","39","62","1","0",".228",".333",".383",".715",".310","3353"
"Jake Bauers","Indians","49","209","183","43","10","1","6","26","23","23","51","4","1",".236",".323",".400",".723",".310","15194"
"Brett Gardner","Yankees","118","510","448","108","20","4","14","66","48","51","100","9","2",".242",".324",".397",".721",".310","9927"
"Ian Happ","Cubs","100","440","384","87","18","2","16","55","52","50","137","6","2",".227",".319",".409",".728",".310","17919"
"Michael Brosseau","Rays","21","90","81","20","5","0","3","10","10","6","20","1","0",".252",".314",".416",".730",".310","19683"
"Adam Duvall","Braves","62","167","151","35","8","1","8","20","24","12","43","1","0",".229",".296",".449",".744",".310","10950"
"Eric Sogard","Brewers","78","319","281","71","14","1","7","36","32","32","49","4","1",".254",".335",".383",".718",".310","7927"
"Alex Kirilloff","Twins","3","14","13","3","1","0","0","2","2","1","3","0","0",".268",".316",".418",".734",".310","sa917929"
"Abraham Toro","Astros","13","56","51","12","3","0","2","7","7","5","12","0","0",".243",".317",".412",".728",".309","19844"
"Christin Stewart","Tigers","112","470","413","96","20","3","16","52","55","46","117","1","0",".232",".316",".412",".728",".309","17714"
"Jason Kipnis","","63","256","227","56","13","1","7","30","28","23","50","3","1",".245",".319",".407",".726",".309","9776"
"Russell Martin","","29","115","98","22","4","0","4","14","12","14","29","1","0",".223",".332",".376",".708",".309","4616"
"Wilson Ramos","Mets","107","422","385","102","14","0","13","47","50","31","66","1","0",".266",".322",".406",".728",".309","1433"
"Danny Santana","Rangers","128","541","502","124","25","4","22","71","62","30","155","17","5",".247",".295",".445",".740",".309","10322"
"Rougned Odor","Rangers","136","576","519","118","23","3","28","73","71","43","157","13","5",".227",".295",".444",".739",".308","12282"
"Michael Chavis","Red Sox","115","495","449","106","22","1","22","62","65","36","157","3","1",".235",".300",".434",".734",".308","17321"
"Byron Buxton","Twins","139","602","548","135","32","6","19","85","63","40","160","24","5",".246",".303",".432",".735",".308","14161"
"Matt Adams","Mets","5","13","12","3","0","0","1","2","2","1","4","0","0",".227",".289",".453",".742",".308","9393"
"Tommy Edman","Cardinals","117","484","443","117","24","5","10","59","48","31","86","13","3",".265",".317",".408",".724",".308","19470"
"Danny Jansen","Blue Jays","81","314","278","65","15","1","11","36","35","27","62","1","1",".234",".314",".409",".723",".308","16535"
"Johan Camargo","Braves","100","398","363","93","19","1","12","46","48","28","77","1","0",".257",".313",".417",".730",".308","14950"
"Luis Urias","Brewers","117","509","448","112","23","2","11","58","51","46","110","4","2",".250",".331",".381",".713",".308","16622"
"Tyler Naquin","Indians","65","279","256","66","14","1","8","33","34","18","67","3","1",".257",".311",".420",".731",".308","13359"
"Ryon Healy","Brewers","6","28","26","7","1","0","1","3","4","2","6","0","0",".249",".297",".437",".734",".308","15447"
"Kevin Pillar","Red Sox","58","251","235","62","15","1","8","32","30","10","39","5","1",".264",".302",".432",".734",".308","12434"
"Chris Iannetta","Yankees","13","51","44","10","2","0","2","6","6","6","14","0","0",".221",".317",".404",".722",".308","8267"
"Yonathan Daza","Rockies","19","44","41","12","3","0","0","5","5","2","7","1","0",".286",".322",".401",".723",".307","15794"
"Harrison Bader","Cardinals","102","401","356","84","16","2","13","49","45","34","114","9","3",".236",".316",".406",".722",".307","18030"
"Carter Kieboom","Nationals","122","532","478","119","24","1","15","62","64","46","131","4","1",".249",".319",".401",".720",".307","19958"
"Dominic Smith","Mets","76","189","171","42","9","0","6","22","22","15","45","1","0",".247",".310",".415",".726",".307","15653"
"Jose Osuna","Pirates","100","312","285","73","18","1","9","34","39","21","60","1","0",".255",".309",".418",".727",".307","12937"
"Hunter Pence","Giants","96","309","283","73","12","2","9","36","35","21","70","4","1",".259",".312",".411",".724",".307","8252"
"Jeimer Candelario","Tigers","104","436","384","89","21","2","13","49","47","43","105","2","1",".231",".315",".402",".718",".307","13621"
"Jed Lowrie","Mets","84","264","234","56","13","1","7","29","29","26","56","0","0",".241",".319",".399",".717",".307","4418"
"Tim Locastro","Diamondbacks","47","143","128","32","7","1","2","18","12","8","26","6","1",".253",".326",".380",".707",".307","15124"
"Daulton Varsho","Diamondbacks","6","26","24","6","1","0","1","3","3","2","5","0","0",".250",".311",".414",".726",".307","sa3002838"
"Alec Bohm","Phillies","36","155","141","36","7","0","5","18","18","11","29","1","0",".253",".313",".411",".724",".306","sa3007284"
"Francisco Cervelli","Marlins","86","309","269","65","10","1","7","33","30","30","76","2","1",".241",".331",".371",".702",".306","5275"
"Matt Beaty","Dodgers","62","170","155","41","9","0","4","20","20","11","24","1","0",".262",".316",".405",".722",".306","17710"
"Steve Pearce","","24","105","93","22","5","0","4","12","12","9","25","0","0",".234",".310",".406",".716",".306","9957"
"Shogo Akiyama","","110","478","427","106","24","2","10","56","48","44","105","6","2",".249",".324",".387",".711",".306","27461"
"Alex Gordon","Royals","117","491","433","109","22","1","10","53","49","42","92","5","2",".251",".330",".378",".708",".306","5209"
"Matt Kemp","Marlins","3","14","13","3","1","0","0","1","2","1","3","0","0",".253",".303",".425",".728",".305","5631"
"Victor Caratini","Cubs","73","259","231","58","12","1","6","29","28","23","55","0","0",".251",".324",".386",".710",".305","14968"
"Addison Russell","","49","210","189","46","9","1","7","24","24","17","50","1","1",".244",".313",".405",".717",".305","14106"
"Austin Slater","Giants","65","217","193","48","9","1","4","25","21","20","59","2","1",".251",".328",".377",".705",".305","16153"
"Jake Cave","Twins","23","98","89","22","5","1","3","12","11","7","29","1","0",".247",".310",".409",".719",".305","14477"
"Lonnie Chisenhall","","16","70","63","15","3","0","2","8","8","6","16","1","0",".244",".308",".414",".722",".305","7571"
"Jonathan Villar","Marlins","151","641","577","144","24","3","18","83","60","54","169","37","8",".249",".317",".393",".710",".305","10071"
"Willians Astudillo","Twins","15","59","55","15","3","0","1","7","7","2","3","0","0",".276",".312",".409",".721",".305","15608"
"Melky Cabrera","","60","259","240","66","14","1","5","28","28","15","32","1","0",".274",".319",".399",".718",".305","4022"
"Matt Duffy","Rangers","31","130","117","32","6","0","2","14","11","11","21","1","1",".270",".335",".365",".700",".305","13836"
"Luis Robert","White Sox","143","607","561","140","30","4","21","77","70","33","171","16","4",".249",".298",".428",".726",".304","sa3003396"
"David Bote","Cubs","83","260","231","55","12","1","8","31","29","24","68","3","1",".237",".317",".396",".713",".304","14593"
"Cesar Puello","Red Sox","2","7","6","1","0","0","0","1","1","1","2","0","0",".244",".328",".372",".699",".304","7216"
"Colin Moran","Pirates","122","521","473","121","24","1","14","54","63","40","113","1","0",".256",".317",".401",".718",".304","16909"
"Rangel Ravelo","Cardinals","2","7","6","2","0","0","0","1","1","1","1","0","0",".254",".320",".390",".710",".304","10839"
"Manuel Margot","Rays","83","352","319","80","16","3","9","44","35","27","66","11","3",".251",".310",".407",".718",".304","14712"
"Daniel Robertson","Rays","47","200","174","42","8","1","4","22","18","20","47","2","1",".239",".331",".363",".694",".304","14145"
"Yan Gomes","Nationals","71","286","258","61","12","1","11","32","39","21","73","1","0",".238",".303",".419",".722",".304","9627"
"Cameron Maybin","Tigers","104","436","386","95","18","3","9","53","37","44","100","13","4",".246",".325",".375",".701",".304","5223"
"Anthony Santander","Orioles","136","567","524","130","31","2","20","64","65","32","122","4","1",".248",".296",".429",".724",".304","14551"
"Christian Arroyo","Indians","24","105","96","25","5","0","3","12","12","7","23","1","0",".256",".313",".402",".715",".304","16434"
"Niko Goodrum","Tigers","146","612","551","131","28","5","18","74","64","53","169","13","4",".238",".308",".406",".714",".304","12092"
"Dylan Carlson","Cardinals","58","252","225","55","12","1","7","29","28","22","58","3","1",".243",".316",".397",".713",".303","sa917940"
"Yonder Alonso","","28","60","53","12","2","0","2","7","7","6","12","0","0",".233",".315",".396",".711",".303","2530"
"Clint Frazier","Yankees","18","77","70","17","4","0","3","9","9","6","21","1","0",".239",".303",".415",".718",".303","15983"
"Francisco Mejia","Padres","99","390","358","90","20","2","11","42","47","23","80","2","1",".253",".306",".413",".719",".303","16403"
"Austin Hays","Orioles","115","479","446","111","23","2","18","56","55","25","117","5","2",".249",".293",".430",".723",".303","19363"
"James McCann","White Sox","47","186","170","42","8","1","6","22","22","12","50","1","0",".247",".304",".410",".714",".303","12859"
"Greg Garcia","Padres","62","166","142","35","6","1","2","18","13","19","34","1","0",".246",".343",".342",".685",".303","10951"
"Bobby Dalbec","Red Sox","13","56","49","11","2","0","2","7","7","5","20","0","0",".219",".304",".415",".718",".303","sa857701"
"Austin Dean","Cardinals","5","21","19","5","1","0","1","2","2","1","4","0","0",".255",".308",".407",".715",".303","18288"
"Chance Sisco","Orioles","78","296","261","61","13","0","9","32","30","27","88","1","0",".234",".318",".384",".702",".303","15694"
"Oscar Mercado","Indians","136","586","530","134","29","3","14","75","58","41","117","23","7",".252",".312",".396",".709",".303","16375"
"Chad Pinder","Athletics","42","179","163","39","8","0","6","21","21","12","46","1","0",".240",".300",".416",".716",".303","15191"
"Lucas Duda","","26","112","99","21","5","0","5","13","15","11","33","0","0",".214",".301",".418",".719",".303","2502"
"Billy McKinney","Blue Jays","36","151","135","31","7","1","5","17","17","13","38","1","0",".231",".302",".415",".716",".303","15654"
"Ben Gamel","Brewers","57","138","123","31","7","1","2","16","13","13","33","2","1",".251",".327",".374",".702",".303","12160"
"Robbie Grossman","Athletics","45","193","166","40","9","1","3","22","15","24","37","2","1",".241",".338",".349",".687",".302","5254"
"Kevin Newman","Pirates","126","542","498","137","26","3","7","61","53","32","71","15","4",".275",".323",".385",".707",".302","17696"
"Ender Inciarte","Braves","110","379","341","90","15","2","6","47","35","31","56","13","4",".263",".329",".372",".701",".302","4922"
"Welington Castillo","Nationals","10","38","35","8","1","0","2","4","5","2","11","0","0",".238",".294",".423",".717",".302","3256"
"Phillip Ervin","Reds","65","161","143","34","8","1","5","20","16","13","38","4","1",".236",".310",".398",".707",".302","14738"
"Zack Cozart","","37","161","145","34","7","1","5","18","18","13","29","0","0",".238",".306",".403",".709",".302","2616"
"Pablo Sandoval","Giants","23","57","52","13","2","0","2","6","7","4","12","0","0",".244",".302",".415",".717",".302","5409"
"Elvis Andrus","Rangers","152","644","593","158","31","2","13","76","62","40","98","18","6",".266",".314",".394",".708",".302","8709"
"Jonathan Lucroy","","37","147","132","34","7","1","3","16","15","12","24","0","0",".253",".319",".385",".704",".302","7870"
"Mark Reynolds","","23","98","86","19","3","0","4","12","12","10","31","0","0",".217",".303",".402",".705",".302","7619"
"Abraham Almonte","","3","14","12","3","1","0","0","2","1","1","3","0","0",".234",".316",".384",".700",".301","5486"
"Jedd Gyorko","Brewers","76","272","242","55","10","0","10","30","34","25","63","1","0",".228",".305",".401",".706",".301","10816"
"Nico Hoerner","Cubs","79","347","322","86","17","3","6","40","36","20","48","4","1",".269",".316",".391",".707",".301","21479"
"Curt Casali","Reds","65","258","230","54","11","0","8","29","30","23","62","0","0",".234",".311",".392",".703",".301","12510"
"Mark Trumbo","","40","175","160","37","7","0","8","20","23","13","46","0","0",".231",".291",".422",".713",".300","6876"
"Harold Ramirez","Marlins","42","120","112","30","6","1","2","12","13","6","24","1","0",".269",".313",".392",".705",".300","14387"
"Mike Yastrzemski","Giants","136","580","518","119","28","5","18","66","65","50","153","5","2",".230",".303",".405",".709",".300","14854"
"Joe Panik","","52","220","197","51","10","1","4","23","21","18","23","2","1",".257",".324",".372",".696",".300","11936"
"Josh Reddick","Astros","83","360","326","83","14","2","9","43","39","29","50","3","1",".255",".314",".389",".703",".300","3892"
"Yadiel Hernandez","Nationals","2","7","6","2","0","0","0","1","1","1","2","0","0",".245",".318",".386",".704",".300","sa724030"
"Amed Rosario","Mets","152","658","615","166","29","6","13","82","63","32","129","22","6",".270",".309",".399",".708",".300","15518"
"Christian Vazquez","Red Sox","115","454","416","107","20","1","12","53","51","29","86","4","2",".256",".308",".399",".706",".299","9774"
"Randy Arozarena","Rays","8","34","31","7","2","0","1","4","3","2","8","1","0",".242",".313",".386",".698",".299","19290"
"Giovanny Urshela","Yankees","136","586","544","139","27","2","18","65","67","32","105","1","0",".255",".300",".408",".708",".299","10681"
"Nick Ahmed","Diamondbacks","149","644","586","143","30","4","19","76","74","47","121","8","3",".244",".303",".405",".708",".299","12147"
"Tucker Barnhart","Reds","89","353","309","74","14","1","9","39","36","37","73","1","1",".239",".324",".375",".699",".299","10200"
"Maikel Franco","Royals","110","463","424","104","21","1","17","47","60","34","63","0","0",".247",".304",".419",".723",".299","12179"
"LaMonte Wade","Twins","8","35","30","7","1","0","1","4","3","4","6","0","0",".236",".328",".358",".685",".299","18126"
"David Fletcher","Angels","128","550","503","136","27","2","6","63","50","37","59","7","2",".271",".323",".369",".692",".299","17992"
"Brian Goodwin","Angels","100","431","388","90","19","2","15","52","48","36","122","6","2",".231",".299",".407",".706",".299","12858"
"Alex Blandino","Reds","5","21","18","4","1","0","0","2","2","2","6","0","0",".226",".321",".362",".683",".299","16271"
"Daniel Descalso","Cubs","31","74","64","14","3","0","2","8","7","9","20","0","0",".218",".320",".366",".686",".298","8392"
"Andy Young","Diamondbacks","3","14","13","3","1","0","0","2","2","1","4","0","0",".231",".301",".399",".700",".298","sa919031"
"Scott Kingery","Phillies","146","633","581","140","31","3","21","77","72","39","167","16","3",".242",".295",".412",".707",".298","17975"
"Ryan O'Hearn","Royals","105","443","395","89","20","2","16","48","53","41","121","1","0",".226",".301",".403",".704",".298","16442"
"Adam Haseley","Phillies","110","478","434","109","21","2","11","54","50","33","106","5","2",".251",".311",".387",".698",".298","19878"
"Mike Tauchman","Yankees","107","461","410","97","20","2","12","55","46","44","106","7","3",".237",".313",".381",".694",".298","15274"
"Yadier Molina","Cardinals","110","435","401","103","20","1","11","47","50","25","64","5","1",".258",".305",".396",".701",".298","7007"
"Taylor Ward","Angels","3","14","12","3","1","0","0","2","1","1","4","0","0",".230",".313",".376",".689",".297","17548"
"Derek Fisher","Blue Jays","96","405","357","78","15","2","14","50","41","43","135","9","3",".218",".306",".386",".692",".297","16192"
"D.J. Stewart","Orioles","79","331","292","66","14","1","10","38","32","32","78","5","2",".225",".309",".384",".693",".297","17766"
"Brock Holt","","104","360","317","78","14","2","5","39","32","36","75","4","1",".247",".329",".349",".678",".297","9345"
"Jose Peraza","Red Sox","63","272","253","69","12","2","4","33","26","12","36","8","2",".272",".312",".385",".696",".297","13593"
"Andrelton Simmons","Angels","146","626","577","153","26","2","12","72","63","39","59","10","3",".264",".313",".380",".693",".297","10847"
"Mac Williamson","Nationals","3","14","13","3","1","0","1","2","2","1","4","0","0",".226",".298",".400",".698",".296","14158"
"Myles Straw","Astros","28","120","107","28","5","1","1","16","9","11","25","5","1",".262",".335",".339",".673",".296","17620"
"Elias Diaz","Rockies","18","70","65","17","3","0","1","8","8","4","12","0","0",".263",".312",".378",".690",".296","11680"
"Jacoby Ellsbury","","19","84","74","19","4","1","1","10","7","8","14","3","1",".250",".323",".359",".682",".296","4727"
"Nick Madrigal","White Sox","109","462","424","117","24","2","3","52","40","28","25","13","4",".277",".326",".360",".686",".295","sa3008139"
"Leury Garcia","White Sox","97","414","382","103","16","3","6","49","35","19","89","10","3",".269",".311",".376",".687",".295","5913"
"Austin Barnes","Dodgers","53","216","190","44","9","1","5","26","22","21","49","2","1",".230",".317",".364",".682",".295","12158"
"Wyatt Mathisen","Diamondbacks","2","7","6","1","0","0","0","1","1","1","2","0","0",".229",".308",".376",".684",".295","sa657937"
"Ryan McBroom","Royals","45","191","173","42","9","0","5","20","21","14","51","1","0",".242",".305",".388",".693",".295","16524"
"JaCoby Jones","Tigers","130","544","492","114","24","4","16","65","54","39","160","12","4",".232",".298",".394",".692",".295","14818"
"Brandon Crawford","Giants","134","573","513","124","26","3","13","60","63","49","120","4","2",".242",".312",".384",".696",".295","5343"
"Victor Reyes","Tigers","96","402","375","100","18","4","6","47","36","21","79","11","3",".267",".307",".386",".693",".295","15487"
"Kevin Kiermaier","Rays","112","476","432","103","19","5","13","60","44","33","106","17","5",".238",".300",".395",".695",".295","11038"
"Domingo Leyba","Diamondbacks","23","58","53","13","3","0","1","6","6","4","10","0","0",".252",".304",".387",".691",".295","16404"
"Adalberto Mondesi","Royals","149","627","580","141","27","9","18","89","55","32","180","43","7",".244",".285",".417",".702",".294","13769"
"Daniel Johnson","Indians","8","35","32","8","2","0","1","4","4","2","9","1","0",".241",".299",".393",".692",".294","sa918018"
"Albert Almora Jr.","Cubs","75","265","246","64","13","1","6","29","29","14","44","2","1",".261",".303",".393",".695",".294","14109"
"Jason Castro","Angels","97","382","335","70","14","1","15","44","45","40","126","1","0",".209",".298",".387",".685",".294","8722"
"Ronald Guzman","Rangers","94","397","357","81","18","1","13","42","43","34","107","1","1",".228",".301",".389",".689",".294","14388"
"Dustin Pedroia","Red Sox","10","42","38","10","2","0","1","5","4","4","7","0","0",".255",".321",".356",".677",".294","8370"
"Nick Williams","Phillies","10","22","20","5","1","0","1","2","3","1","7","0","0",".236",".292",".401",".694",".293","14330"
"Josh Ockimey","Red Sox","5","21","18","4","1","0","1","2","2","3","7","0","0",".208",".309",".371",".680",".293","sa829375"
"Jon Jay","Diamondbacks","37","121","109","29","5","1","0","13","9","7","20","1","0",".270",".330",".340",".670",".293","5227"
"Freddy Galvis","Reds","136","591","546","134","24","3","19","67","67","36","137","7","2",".245",".293",".401",".694",".293","6609"
"Manny Pina","Brewers","66","265","240","56","11","1","8","28","32","19","64","1","0",".234",".299",".390",".689",".293","2829"
"Esteban Quiroz","Padres","5","21","18","4","1","0","1","2","2","2","5","0","0",".223",".312",".367",".678",".293","sa596560"
"Cheslor Cuthbert","","5","21","19","5","1","0","1","2","2","1","4","0","0",".242",".297",".393",".690",".293","10473"
"Roberto Perez","Indians","97","383","333","72","12","1","14","43","42","39","114","1","0",".216",".302",".379",".681",".293","2900"
"Jared Walsh","Angels","8","35","31","7","2","0","1","4","4","3","12","0","0",".221",".292",".399",".691",".293","18607"
"Dwight Smith Jr.","Orioles","52","216","195","47","10","1","5","24","20","17","44","2","1",".239",".304",".378",".682",".292","13473"
"Logan Forsythe","Phillies","2","7","6","1","0","0","0","1","1","1","2","0","0",".226",".316",".352",".668",".292","7185"
"Jorge Alfaro","Marlins","113","441","406","98","18","2","14","46","51","22","148","4","1",".240",".294",".395",".689",".292","12180"
"Yangervis Solarte","","3","14","13","3","1","0","0","2","2","1","2","0","0",".242",".300",".387",".687",".292","5352"
"Nicky Delmonico","White Sox","3","14","12","3","1","0","0","2","1","1","3","0","0",".226",".301",".383",".684",".292","13157"
"Rylan Bannon","Orioles","16","67","60","14","3","0","2","7","6","6","15","0","0",".234",".307",".373",".680",".292","sa3004162"
"Jordy Mercer","Tigers","50","211","193","48","10","1","5","21","23","14","40","0","0",".249",".305",".386",".691",".292","6547"
"Ramon Urias","Orioles","37","155","139","33","8","1","3","17","14","11","38","1","1",".235",".307",".370",".677",".292","sa597169"
"Ryan Mountcastle","Orioles","39","162","152","38","8","0","5","17","18","8","41","1","0",".249",".287",".409",".696",".292","sa874734"
"Ehire Adrianza","Twins","21","91","81","20","4","0","2","10","9","7","18","1","0",".246",".310",".370",".680",".292","8418"
"Zack Collins","White Sox","8","34","29","6","1","0","1","4","4","4","11","0","0",".200",".307",".366",".673",".292","19181"
"Josh Harrison","Phillies","47","144","132","33","6","1","3","16","15","8","27","2","1",".248",".300",".381",".681",".292","8202"
"Jo Adell","Angels","55","237","217","51","11","1","8","28","26","15","71","3","1",".234",".291",".395",".686",".291","sa3004837"
"Yairo Munoz","Cardinals","62","166","154","39","8","1","4","19","18","10","35","4","1",".252",".301",".386",".686",".291","16313"
"Cristian Pache","Braves","6","28","26","7","1","0","1","3","3","2","7","0","0",".253",".298",".389",".688",".291","sa916722"
"Delino DeShields","Indians","45","195","169","40","8","1","2","24","13","20","47","9","2",".237",".322",".339",".662",".291","11379"
"Brandon Dixon","Tigers","3","14","13","3","1","0","0","2","2","1","4","0","0",".235",".284",".406",".690",".291","15214"
"Scott Heineman","Rangers","29","123","112","27","5","1","3","14","11","9","33","2","1",".237",".302",".374",".676",".291","14453"
"Miguel Rojas","Marlins","125","531","488","131","23","1","6","52","50","30","64","7","2",".268",".316",".358",".675",".291","7802"
"Mallex Smith","Mariners","134","561","502","125","22","6","5","69","34","45","125","36","8",".250",".318",".348",".666",".291","13608"
"Sam Hilliard","Rockies","89","387","351","80","16","3","12","49","41","29","130","10","3",".228",".290",".397",".686",".290","17954"
"Andrew Knizner","Cardinals","11","45","41","10","2","0","1","5","5","3","8","0","0",".249",".305",".372",".677",".290","19514"
"Jonathan Arauz","Red Sox","28","118","108","26","7","1","2","13","12","9","24","1","0",".240",".298",".384",".682",".290","sa877498"
"Bobby Bradley","Indians","5","21","19","4","1","0","1","2","3","2","7","0","0",".211",".285",".404",".689",".290","17278"
"Robel Garcia","Cubs","3","14","13","3","1","0","1","2","2","1","5","0","0",".210",".288",".394",".683",".290","13167"
"Luis Rengifo","Angels","13","56","50","12","2","0","1","7","5","5","12","1","0",".238",".310",".360",".670",".290","19858"
"Brandon Drury","Blue Jays","87","371","339","79","18","1","11","40","40","26","91","1","1",".232",".293",".388",".681",".290","11615"
"Tony Wolters","Rockies","97","386","340","84","16","3","3","41","34","35","68","1","1",".247",".326",".341",".667",".290","11470"
"Chris Owings","","16","50","46","11","2","0","1","6","5","3","14","1","0",".242",".292",".392",".684",".290","10030"
"Franchy Cordero","Padres","115","477","434","99","19","4","15","56","50","36","164","10","3",".228",".291",".392",".684",".290","14567"
"Matt Wieters","Cardinals","40","160","145","33","6","0","6","17","20","13","36","1","0",".226",".293",".389",".682",".289","4298"
"Isan Diaz","Marlins","130","551","487","106","23","2","16","58","57","53","157","7","2",".218",".300",".375",".675",".289","17922"
"Dom Nunez","Rockies","16","64","57","12","3","0","2","7","7","6","17","1","0",".217",".298",".380",".678",".289","15055"
"Jon Berti","Marlins","75","238","214","51","9","2","4","28","19","18","55","11","3",".240",".310",".354",".664",".289","12037"
"Mike Zunino","Rays","107","416","373","76","16","1","19","46","54","32","142","0","0",".203",".277",".405",".683",".289","13265"
"Brent Rooker","Twins","3","14","13","3","1","0","0","2","2","1","5","0","0",".220",".293",".384",".677",".289","sa3003172"
"Pedro Severino","Orioles","73","278","253","58","10","0","9","29","29","20","61","1","1",".231",".293",".385",".678",".289","14523"
"Jake Cronenworth","Padres","6","28","25","6","1","0","0","3","2","2","5","0","0",".247",".316",".346",".662",".289","sa857694"
"Kevin Plawecki","Red Sox","49","192","172","40","8","0","5","21","20","15","39","1","0",".232",".303",".367",".670",".289","13807"
"J.P. Crawford","Mariners","149","622","543","122","25","3","12","63","52","67","140","7","2",".224",".312",".348",".660",".289","15491"
"Tom Murphy","Mariners","125","482","443","94","19","1","23","51","65","31","171","2","1",".212",".271",".417",".688",".288","13499"
"Jose Iglesias","Orioles","138","574","536","142","25","2","9","61","51","25","75","10","4",".266",".304",".371",".675",".288","10231"
"Austin Jackson","","23","98","88","21","5","1","2","11","9","8","29","1","0",".239",".306",".361",".667",".288","9848"
"Ke'Bryan Hayes","Pirates","8","35","31","8","2","0","1","4","3","3","7","1","0",".243",".308",".359",".667",".288","sa874730"
"Adeiny Hechavarria","Braves","47","164","153","39","7","1","4","18","18","9","31","1","1",".253",".296",".385",".681",".288","10459"
"Guillermo Heredia","Pirates","96","311","274","65","13","1","5","32","27","25","60","3","1",".238",".315",".344",".659",".288","18721"
"Joey Wendle","Rays","60","255","234","58","14","2","4","28","23","15","49","5","2",".249",".303",".369",".672",".288","13853"
"Steven Duggar","Giants","68","290","262","63","14","2","4","31","25","24","80","5","2",".240",".306",".361",".668",".288","17719"
"Travis Demeritte","Tigers","23","95","86","19","4","1","3","10","10","8","30","1","0",".220",".291",".383",".674",".288","15958"
"Sam Travis","Rangers","11","48","44","10","2","0","1","5","5","4","12","0","0",".239",".300",".370",".671",".288","16263"
"Kyle Farmer","Reds","21","67","62","15","3","0","2","7","7","4","16","1","0",".236",".288",".390",".679",".288","14813"
"Chas McCormick","Astros","3","14","13","3","1","0","0","2","1","1","2","0","0",".239",".309",".356",".665",".288","sa3004174"
"Tony Kemp","Athletics","58","248","221","54","10","2","4","28","20","21","39","6","2",".243",".312",".352",".664",".288","14894"
"Kevan Smith","","3","13","12","3","1","0","0","1","1","1","2","0","0",".249",".307",".358",".665",".288","12284"
"Hanser Alberto","Orioles","138","574","541","145","24","2","10","58","55","19","61","4","2",".269",".298",".379",".677",".287","11902"
"Eric Filia","Mariners","3","14","12","3","1","0","0","1","1","1","2","0","0",".249",".326",".335",".661",".287","sa827359"
"Michael A. Taylor","Nationals","39","109","100","23","5","0","3","14","12","8","35","4","1",".229",".290",".389",".678",".287","11489"
"Rio Ruiz","Orioles","94","391","353","81","17","1","10","40","38","34","90","1","0",".230",".299",".371",".670",".287","14103"
"David Freitas","Brewers","3","13","12","3","1","0","0","1","1","1","3","0","0",".242",".309",".355",".664",".287","10619"
"Greg Allen","Indians","47","202","180","43","9","1","3","24","16","13","44","8","2",".240",".310",".351",".661",".287","16623"
"Lane Thomas","Cardinals","76","209","190","43","9","1","6","24","22","16","62","4","1",".225",".291",".380",".671",".287","16939"
"Jaylin Davis","Giants","23","97","88","20","4","0","3","10","10","7","31","1","0",".229",".294",".378",".672",".287","19552"
"Ildemaro Vargas","Diamondbacks","39","88","82","21","4","1","1","9","9","5","9","1","0",".261",".302",".367",".669",".287","13324"
"Matt Thaiss","Angels","16","70","62","14","3","0","2","8","7","6","17","0","0",".223",".296",".370",".666",".286","19318"
"Evan White","Mariners","130","541","496","117","21","2","15","53","58","37","138","2","1",".237",".294",".378",".672",".286","sa915774"
"Ronny Rodriguez","Brewers","3","14","13","3","1","0","1","2","2","1","4","0","0",".233",".271",".414",".685",".286","11875"
"Tres Barrera","Nationals","2","6","6","1","0","0","0","1","1","0","1","0","0",".237",".295",".372",".668",".286","19977"
"Donovan Solano","Giants","60","196","183","48","9","1","2","19","19","9","36","1","0",".264",".304",".361",".665",".286","8623"
"Josh Phegley","","5","19","18","4","1","0","1","2","2","1","4","0","0",".229",".285",".389",".674",".286","9308"
"Luis Torrens","Padres","3","13","12","3","1","0","0","1","1","1","2","0","0",".247",".302",".365",".667",".286","15905"
"Josh Fuentes","Rockies","37","122","114","28","7","1","3","13","14","5","33","1","0",".244",".284",".392",".676",".285","16885"
"Justin Williams","Cardinals","3","14","13","3","1","0","0","1","2","1","4","0","0",".241",".293",".377",".670",".285","15490"
"Luke Raley","Dodgers","6","28","25","6","1","0","1","3","3","2","8","0","0",".228",".295",".371",".666",".285","sa918048"
"Jarrod Dyson","Pirates","86","368","324","76","12","3","4","46","23","35","64","24","4",".235",".317",".331",".648",".285","4866"
"Shed Long","Mariners","128","534","481","110","22","2","13","55","49","43","150","8","3",".228",".296",".366",".662",".285","16542"
"Sean Murphy","Athletics","97","378","342","76","17","1","12","40","39","29","90","1","0",".224",".290",".378",".669",".285","19352"
"Thairo Estrada","Yankees","15","63","58","15","3","0","1","7","6","3","13","1","0",".251",".297",".369",".666",".285","16426"
"Nicky Lopez","Royals","130","545","495","128","21","5","4","58","42","36","61","7","2",".260",".312",".344",".656",".285","19339"
"Roman Quinn","Phillies","62","187","167","39","7","1","4","24","14","15","51","9","2",".234",".300",".361",".661",".285","13546"
"Carlos Gonzalez","","55","230","207","46","9","0","7","22","24","20","63","1","0",".225",".295",".370",".665",".284","7287"
"Mauricio Dubon","Giants","120","511","477","122","23","2","9","55","50","25","88","13","4",".255",".295",".371",".666",".284","16530"
"Andrew Knapp","Phillies","26","102","90","20","4","0","2","11","10","10","32","0","0",".217",".304",".351",".655",".283","14942"
"Kyle Higashioka","Yankees","36","141","129","28","6","0","6","15","18","9","37","0","0",".216",".272",".404",".675",".283","5517"
"Hernan Perez","","5","21","20","5","1","0","1","2","2","1","5","0","0",".240",".283",".387",".670",".283","5751"
"Willi Castro","Tigers","39","163","150","37","7","1","3","18","14","9","39","3","1",".245",".293",".370",".663",".283","17338"
"Kyle Garlick","Phillies","3","14","13","3","1","0","1","2","2","1","5","0","0",".217",".272",".403",".675",".283","18063"
"Matt Reynolds","Royals","16","68","61","14","3","0","1","7","6","6","17","1","0",".233",".305",".347",".652",".283","13788"
"Danny Mendick","White Sox","19","83","75","17","4","0","2","9","8","6","17","1","0",".233",".298",".356",".654",".283","18889"
"Edwin Rios","Dodgers","16","31","28","6","1","0","1","3","4","2","11","0","0",".216",".278",".393",".671",".283","18316"
"Drew Butera","","31","123","111","26","6","1","3","13","13","9","29","0","0",".232",".295",".364",".659",".283","3411"
"Reese McGuire","Blue Jays","78","301","271","63","13","1","7","31","29","23","62","2","1",".232",".296",".364",".660",".283","15674"
"Kyle Lewis","Mariners","115","480","439","99","20","1","15","47","52","35","156","2","1",".226",".286",".377",".662",".283","19508"
"Cole Tucker","Pirates","15","63","56","13","3","0","1","7","5","5","15","2","0",".236",".299",".357",".656",".282","17326"
"Travis Jankowski","Reds","3","14","13","3","0","0","0","2","1","1","3","1","0",".243",".319",".318",".637",".282","13768"
"Troy Stokes Jr.","Tigers","5","20","18","4","1","0","0","2","2","2","5","0","0",".217",".296",".356",".652",".282","sa828871"
"Austin Romine","Tigers","63","243","225","54","11","1","6","24","25","14","53","1","0",".240",".288",".373",".661",".282","5491"
"Edward Olivares","Padres","2","7","6","2","0","0","0","1","1","0","1","0","0",".239",".291",".370",".661",".282","sa832015"
"Jason Martin","Pirates","15","43","39","9","2","0","1","5","4","3","10","1","0",".230",".289",".372",".662",".282","16429"
"Franklin Barreto","Athletics","66","282","258","57","12","1","9","32","28","18","93","5","1",".220",".280",".380",".661",".281","15519"
"Luis Guillorme","Mets","15","51","45","11","2","0","1","5","4","5","9","0","0",".244",".315",".324",".639",".281","16451"
"Dawel Lugo","Tigers","49","204","193","50","9","1","3","20","20","8","35","1","1",".258",".290",".372",".662",".281","14713"
"Jesus Sanchez","Marlins","3","14","13","3","1","0","0","1","1","1","3","0","0",".239",".289",".371",".660",".281","sa872787"
"Jake Fraley","Mariners","60","250","228","52","12","1","7","26","25","17","64","6","2",".226",".286",".376",".662",".281","19260"
"Kevin Kramer","Pirates","24","84","76","17","4","0","2","9","9","6","24","1","0",".226",".294",".358",".652",".281","17689"
"C.J. Chatham","Red Sox","16","70","65","17","4","0","1","7","7","3","16","1","0",".260",".298",".358",".657",".281","sa873984"
"Santiago Espinal","Blue Jays","6","27","25","6","1","0","0","3","2","2","5","0","0",".247",".299",".354",".653",".281","sa918188"
"Juan Lagares","","42","142","130","32","6","1","2","15","13","9","31","2","1",".245",".300",".356",".656",".281","5384"
"Nick Gordon","Twins","3","14","13","3","1","0","0","2","1","1","3","0","0",".248",".297",".357",".654",".280","sa828662"
"Jake Rogers","Tigers","42","161","144","30","6","1","5","17","17","14","50","1","0",".207",".284",".368",".652",".280","19452"
"Vimael Machin","Athletics","2","7","6","1","0","0","0","1","1","1","1","0","0",".235",".311",".337",".648",".280","sa602488"
"Raudy Read","Nationals","2","6","6","1","0","0","0","1","1","0","1","0","0",".236",".280",".386",".666",".280","15766"
"Austin Nola","Mariners","117","469","421","96","18","1","10","44","43","38","104","2","1",".229",".298",".349",".646",".280","15941"
"Brett Phillips","Royals","92","388","343","71","15","4","10","43","35","38","132","7","2",".208",".291",".359",".650",".279","14735"
"Jacob Stallings","Pirates","86","336","307","73","16","0","7","31","37","21","70","1","0",".238",".295",".360",".654",".279","13723"
"Breyvic Valera","Padres","13","56","51","12","2","0","1","6","5","4","7","1","0",".243",".303",".342",".645",".279","12758"
"Charlie Culberson","Braves","21","72","67","16","3","0","2","8","8","4","19","1","0",".235",".282",".377",".658",".279","3298"
"Yolmer Sanchez","Giants","28","117","106","26","5","1","1","12","9","8","24","2","1",".242",".303",".340",".643",".279","11602"
"Isiah Kiner-Falefa","Rangers","6","26","24","6","1","0","0","3","2","2","5","0","0",".243",".304",".335",".639",".278","16512"
"Martin Maldonado","Astros","92","368","330","71","13","1","11","40","40","25","93","1","0",".216",".286",".361",".647",".278","6887"
"Jake Marisnick","Mets","92","319","291","63","12","1","11","38","32","19","102","10","3",".215",".274",".381",".655",".278","11339"
"Daz Cameron","Tigers","3","14","12","3","1","0","0","1","1","1","4","0","0",".219",".292",".351",".643",".278","sa874736"
"Chris Herrmann","","10","37","33","7","1","0","1","4","4","4","11","0","0",".207",".294",".347",".641",".278","9284"
"Sean Rodriguez","Marlins","5","21","18","4","1","0","1","2","2","2","7","0","0",".201",".287",".355",".642",".278","6589"
"Bryan Holaday","Orioles","5","18","16","4","1","0","0","2","2","1","3","0","0",".228",".294",".356",".650",".278","11287"
"Orlando Arcia","Brewers","62","208","192","46","9","1","5","22","22","14","43","4","1",".239",".290",".364",".654",".278","13185"
"Austin Allen","Athletics","53","208","191","43","9","0","6","21","22","14","54","0","0",".226",".283",".372",".655",".277","18083"
"Beau Taylor","","3","13","11","2","1","0","0","1","1","1","4","0","0",".210",".303",".329",".632",".277","12384"
"Yu-Cheng Chang","Indians","10","42","38","8","2","0","1","4","4","3","13","0","0",".215",".285",".360",".646",".277","14773"
"Deivy Grullon","Phillies","3","13","12","3","1","0","0","1","2","1","4","0","0",".224",".275",".377",".652",".277","15988"
"Austin Hedges","Padres","60","237","217","46","9","0","10","24","30","16","66","1","0",".210",".271",".387",".658",".277","12976"
"Brendan McKay","Rays","5","21","18","4","1","0","1","2","2","2","6","0","0",".207",".292",".347",".638",".277","20186"
"Mark Mathias","Brewers","2","7","6","1","0","0","0","1","1","1","2","0","0",".219",".295",".343",".638",".277","sa875006"
"Jonathan Davis","Blue Jays","26","110","97","21","4","1","2","12","9","9","29","3","1",".216",".295",".338",".634",".277","15104"
"Kelvin Gutierrez","Royals","8","34","31","8","1","0","1","4","3","2","9","0","0",".239",".292",".348",".640",".276","17468"
"Cedric Mullins II","Orioles","18","74","68","16","4","0","1","8","6","5","14","2","0",".230",".286",".358",".645",".276","17929"
"J.T. Riddle","Pirates","65","198","184","43","9","1","5","19","22","11","43","1","0",".235",".281",".372",".653",".276","17642"
"Phil Gosselin","Phillies","3","14","13","3","1","0","0","1","1","1","3","0","0",".237",".293",".345",".638",".276","10953"
"Brian O'Grady","Rays","2","7","6","1","0","0","0","1","1","1","2","0","0",".201",".279",".369",".648",".276","16729"
"Donnie Walton","Mariners","3","14","12","3","1","0","0","1","1","1","3","0","0",".232",".300",".331",".632",".276","19314"
"Wilmer Difo","Nationals","2","7","6","2","0","0","0","1","1","0","1","0","0",".241",".298",".344",".643",".276","14320"
"Edmundo Sosa","Cardinals","5","21","20","5","1","0","0","2","2","1","5","0","0",".243",".285",".361",".646",".276","17022"
"Garrett Stubbs","Astros","34","135","121","27","6","1","2","15","12","11","27","2","1",".224",".296",".339",".635",".275","18067"
"Joe McCarthy","Giants","3","14","12","3","1","0","0","1","1","1","4","0","0",".207",".297",".332",".629",".275","sa858039"
"Mike Freeman","Indians","3","14","12","3","1","0","0","1","1","1","4","0","0",".229",".297",".335",".632",".275","11241"
"Gordon Beckham","","3","14","13","3","1","0","0","1","1","1","3","0","0",".221",".286",".350",".636",".275","9015"
"Dustin Fowler","Athletics","2","7","6","1","0","0","0","1","1","0","2","0","0",".230",".275",".373",".648",".274","17098"
"Chris Davis","Orioles","65","270","236","44","8","0","10","27","29","29","101","0","0",".187",".281",".352",".633",".274","9272"
"Dee Gordon","Mariners","73","304","286","76","10","3","1","34","20","11","48","15","5",".267",".298",".337",".636",".274","8203"
"Alex Jackson","Braves","8","32","29","6","1","0","1","3","4","2","12","0","0",".201",".267",".380",".646",".274","17276"
"Chris Shaw","Giants","5","21","19","4","1","0","1","2","2","1","7","0","0",".217",".274",".370",".644",".273","17738"
"Michael Perez","Rays","42","163","147","32","7","0","4","16","16","14","44","0","0",".215",".285",".349",".634",".273","12977"
"Christian Lopes","Marlins","2","7","6","1","0","0","0","1","1","1","2","0","0",".222",".296",".332",".628",".273","sa601044"
"Michael Hermosillo","Angels","16","70","62","13","3","0","2","8","6","5","23","1","0",".208",".285",".345",".630",".273","16285"
"Mickey Moniak","Phillies","3","14","13","3","1","0","0","1","1","1","4","0","0",".232",".279",".363",".642",".273","sa917920"
"Anthony Alford","Blue Jays","24","103","93","20","4","0","2","12","8","8","34","3","1",".216",".288",".339",".627",".273","14329"
"Luis Alexander Basabe","White Sox","2","7","6","1","0","0","0","1","1","1","2","0","0",".213",".285",".349",".634",".273","sa736915"
"Cam Gallagher","Royals","29","112","102","23","5","0","2","10","11","8","20","0","0",".229",".289",".343",".632",".273","12981"
"Andrew Velazquez","Indians","11","49","45","10","2","0","1","6","5","3","14","1","0",".229",".280",".357",".637",".273","14196"
"Dustin Garneau","Astros","36","142","128","26","6","0","5","16","16","11","39","0","0",".201",".274",".360",".634",".273","9433"
"Tyler Heineman","","19","76","68","15","4","0","1","7","7","5","14","0","0",".227",".289",".343",".633",".272","13897"
"Adam Engel","White Sox","36","152","138","30","6","1","3","17","12","9","44","4","1",".221",".280",".351",".631",".272","15082"
"Kean Wong","Giants","3","14","13","3","1","0","0","1","1","1","3","0","0",".239",".293",".337",".630",".272","15994"
"Tzu-Wei Lin","Red Sox","5","21","19","4","1","0","0","2","2","2","5","0","0",".228",".288",".341",".629",".271","14678"
"Andrew Stevenson","Nationals","3","14","13","3","1","0","0","2","1","1","4","0","0",".236",".292",".335",".626",".271","17932"
"Jack Mayfield","Astros","3","14","13","3","1","0","0","2","2","1","3","0","0",".219",".268",".371",".639",".271","15402"
"Ronnie Dawson","Astros","3","14","13","3","1","0","0","2","1","1","5","0","0",".206",".280",".348",".628",".271","sa873674"
"Grayson Greiner","Tigers","45","174","158","34","7","1","4","17","17","13","50","0","0",".217",".281",".347",".628",".271","17062"
"Max Stassi","Angels","57","223","200","40","8","0","7","23","23","19","68","0","0",".202",".279",".346",".625",".271","10059"
"Dylan Moore","Mariners","11","47","43","9","2","0","1","5","4","4","13","1","0",".207",".280",".349",".629",".271","18042"
"Eduardo Nunez","","5","21","20","5","1","0","0","2","2","1","3","0","0",".248",".280",".356",".636",".271","6848"
"Rene Rivera","","13","51","47","10","2","0","2","5","6","3","16","0","0",".210",".267",".370",".637",".271","3648"
"Steve Wilkerson","","11","47","43","10","2","0","1","5","4","3","14","1","0",".222",".282",".346",".627",".271","16041"
"Eli White","Rangers","5","21","19","4","1","0","0","2","2","1","6","0","0",".221",".285",".336",".621",".270","sa738478"
"Tim Lopes","Mariners","11","47","43","10","2","0","1","5","3","3","10","2","1",".234",".292",".326",".618",".269","14137"
"Laz Rivera","White Sox","2","7","6","2","0","0","0","1","1","0","2","0","0",".242",".281",".346",".627",".269","sa3004128"
"Seby Zavala","White Sox","3","13","12","2","1","0","0","1","1","1","5","0","0",".208",".266",".363",".630",".269","18887"
"Sheldon Neuse","Athletics","53","227","209","47","10","1","5","23","21","15","71","1","0",".225",".281",".343",".624",".269","19635"
"Albert Pujols","Angels","122","522","488","107","19","1","19","52","61","26","75","1","0",".219",".260",".375",".635",".268","1177"
"Tyrone Taylor","Brewers","3","14","13","3","1","0","0","1","2","1","3","0","0",".218",".269",".359",".628",".268","13675"
"Charlie Tilson","Pirates","3","14","13","3","1","0","0","1","1","1","3","0","0",".241",".295",".320",".615",".268","12983"
"Tyler Wade","Yankees","26","112","101","22","5","0","2","12","8","9","30","3","1",".223",".289",".326",".615",".268","15730"
"Sergio Alcantara","Tigers","5","20","18","4","1","0","0","2","1","2","4","0","0",".234",".297",".313",".610",".267","sa739641"
"Braden Bishop","Mariners","18","74","67","15","3","0","1","7","6","5","19","1","0",".225",".289",".323",".612",".267","17806"
"Harold Castro","Tigers","5","20","19","5","1","0","0","2","2","1","4","0","0",".250",".282",".342",".624",".267","14691"
"Eric Haase","Tigers","11","44","40","8","2","0","2","4","5","3","16","0","0",".193",".260",".367",".627",".267","14111"
"John Ryan Murphy","Pirates","13","51","46","10","2","0","2","5","6","3","15","0","0",".208",".266",".362",".628",".267","10346"
"Richie Martin Jr.","Orioles","8","34","31","7","1","0","1","4","2","2","9","1","0",".226",".284",".332",".616",".267","17736"
"Seth Brown","Athletics","24","103","94","20","5","1","3","11","10","7","34","1","0",".209",".269",".355",".625",".267","18171"
"Austin Wynns","Orioles","6","25","23","5","1","0","0","2","2","2","6","0","0",".226",".285",".328",".613",".266","15271"
"Erik Kratz","Yankees","3","13","12","3","0","0","0","1","1","1","3","0","0",".213",".271",".350",".621",".266","4403"
"Meibrys Viloria","Royals","23","88","80","18","4","0","1","8","7","6","22","0","0",".227",".286",".325",".611",".266","17109"
"Jonah Heim","Athletics","13","50","46","10","2","0","1","5","4","4","10","0","0",".221",".280",".336",".616",".265","sa737843"
"Erick Mejia","Royals","11","48","43","10","2","0","0","5","3","3","10","1","0",".233",".285",".327",".612",".265","15817"
"Erik Gonzalez","Pirates","66","225","210","49","10","1","4","22","20","11","62","4","1",".234",".275",".344",".619",".264","13369"
"Blake Swihart","Rangers","3","14","12","3","0","0","0","1","1","1","4","0","0",".208",".272",".340",".611",".264","13176"
"Pat Valaika","","6","27","25","5","1","0","1","3","3","2","8","0","0",".211",".258",".364",".622",".264","14885"
"Jacob Nottingham","Brewers","2","6","5","1","0","0","0","1","1","0","2","0","0",".201",".270",".342",".612",".263","16448"
"Lewis Brinson","Marlins","71","303","278","59","12","2","7","29","28","19","92","5","1",".212",".270",".344",".615",".263","14352"
"Adrian Sanchez","Nationals","3","14","13","3","1","0","0","1","1","1","3","0","0",".237",".279",".337",".616",".263","11338"
"Bubba Starling","Royals","26","109","101","22","5","0","2","11","10","6","29","1","0",".222",".270",".342",".612",".263","13356"
"Rob Brantly","","26","101","92","21","4","1","1","9","9","6","18","0","0",".226",".283",".328",".611",".263","10655"
"Juan Centeno","Red Sox","5","19","17","4","1","0","0","2","2","1","4","0","0",".231",".286",".319",".605",".263","7168"
"Chad Wallach","Marlins","3","13","11","2","0","0","0","1","1","1","4","0","0",".205",".278",".325",".603",".263","17161"
"Magneuris Sierra","Marlins","52","161","151","37","6","1","1","16","11","8","34","6","1",".243",".281",".327",".608",".262","17023"
"Patrick Wisdom","Mariners","11","47","43","8","2","0","2","4","5","4","17","0","0",".191",".260",".355",".615",".262","13602"
"Drew Robinson","","3","14","12","2","1","0","0","1","1","1","5","0","0",".188",".276",".326",".603",".262","11761"
"Sandy Leon","Indians","62","242","219","46","8","0","6","23","24","17","61","0","0",".210",".273",".331",".604",".261","5273"
"Richard Urena","Orioles","45","189","176","40","9","1","3","17","16","9","48","1","0",".229",".270",".345",".614",".261","16411"
"Billy Hamilton","","37","159","144","33","5","2","1","19","8","12","37","11","2",".227",".288",".308",".596",".261","10199"
"Sam Haggerty","Mariners","3","14","12","2","1","0","0","1","1","1","4","0","0",".202",".286",".306",".592",".261","18054"
"Adolis Garcia","Rangers","29","123","116","24","5","0","4","13","13","5","42","2","1",".208",".248",".370",".618",".260","19287"
"Keon Broxton","Brewers","3","14","13","2","0","0","0","2","1","1","6","1","0",".186",".264",".336",".600",".260","9253"
"Cristhian Adames","Giants","3","14","13","3","1","0","0","1","1","1","3","0","0",".223",".281",".317",".598",".260","6013"
"Aramis Garcia","Giants","6","26","24","5","1","0","1","2","3","2","9","0","0",".208",".262",".341",".603",".259","16925"
"Luke Maile","Pirates","63","248","225","47","10","1","4","22","22","18","63","1","0",".209",".273",".318",".592",".258","13355"
"Skye Bolt","Athletics","2","7","6","1","0","0","0","1","1","1","2","0","0",".198",".269",".326",".595",".258","17723"
"Nick Heath","Royals","3","14","12","3","0","0","0","1","1","1","4","1","0",".212",".280",".304",".584",".256","sa918355"
"Arquimedes Gamboa","Phillies","3","14","13","3","1","0","0","1","1","1","4","0","0",".202",".278",".305",".583",".256","sa877497"
"Monte Harrison","Marlins","29","124","113","23","4","0","3","12","11","8","47","3","1",".202",".267",".322",".589",".256","sa828691"
"Elliot Soto","","3","14","13","3","1","0","0","1","1","1","3","0","0",".220",".281",".297",".578",".254","sa390666"
"Tomas Nido","Mets","42","166","156","34","7","0","3","15","16","8","41","0","0",".219",".260",".333",".593",".253","13755"
"Caleb Joseph","Blue Jays","3","13","12","3","1","0","0","1","1","1","3","0","0",".215",".262",".324",".586",".253","7087"
"Jorge Mateo","Athletics","3","14","13","3","1","0","0","2","1","1","4","0","0",".211",".257",".333",".591",".252","sa657910"
"Humberto Arteaga","Royals","5","20","19","5","1","0","0","2","2","1","4","0","0",".237",".272",".311",".583",".252","13595"
"Joe Hudson","","3","13","11","2","0","0","0","1","1","1","4","0","0",".188",".255",".315",".570",".247","14412"
"Jose Trevino","Rangers","8","31","30","6","1","0","1","3","3","1","6","0","0",".217",".254",".324",".578",".247","16725"
"Jose Siri","Mariners","3","14","13","2","0","0","0","1","1","1","5","0","0",".197",".248",".330",".577",".246","sa736940"
"Rocky Gale","","3","13","12","3","0","0","0","1","1","1","3","0","0",".224",".264",".304",".568",".246","10533"
"Anthony Bemboom","Angels","8","32","29","6","1","0","1","3","3","2","8","0","0",".196",".259",".305",".564",".244","13854"
"Jeff Mathis","Rangers","58","225","206","41","8","1","4","19","18","15","72","1","0",".197",".256",".304",".561",".243","3448"
"Michael Lorenzen","Reds","11","49","44","8","1","0","1","5","3","3","18","1","1",".186",".242",".297",".539",".232","14843"
